视频名称,up主昵称,播放新增,播放总数,点赞新增,点赞总数,收藏新增,收藏总数,评论新增,评论总数,投币新增,投币总数,一级分类,二级分类
坏消息，这一片漂浮在水面上软软的草地，现在已经没有了，消失了,全球不知道,1915109,1915109,87185,87185,7848,7848,388,388,400,400,运动,运动综合
上美影 联手 vivo 挑战《哪吒闹海》皮影戏,上海美术电影制片厂,1465756,1465756,13392,13392,1987,1987,191,191,1356,1356,影视,短片
买游艇为何买椟还珠？【小约翰】,小约翰可汗,1289839,1289839,140210,140210,23626,23626,3272,3272,67513,67513,知识,人文历史
自己做个深渊茶几，好像在家打了两口井,王一工不二,1252381,4250350,138742,524127,48350,164937,1766,5620,18341,54453,生活,家居房产
中国疫情防控，有人想借机玩颜色革命，国内民意小心被耍了,刘晓非观察室,1168603,1168603,82493,82493,19208,19208,2911,2911,43104,43104,生活,日常
为了守护学校我成为了偶像，但老师版。,林带鱼w,1078223,1646028,182331,248644,15335,22269,868,1654,11921,19088,生活,日常
一年未见地雷怀孕，漠叔不认帐了,大漠叔叔,977879,977879,108695,108695,4595,4595,2261,2261,33630,33630,,
大连.品海楼  厨子探店?1？11,真探唐仁杰,932993,932993,77430,77430,2264,2264,1762,1762,1871,1871,美食,美食侦探
关于我连夜去上海找甲方要92万片卫生巾这件事,侯翠翠,904347,904347,189498,189498,12239,12239,2219,2219,311629,311629,生活,日常
老交警：事故现场很多都是后脑开花,中国警察网,868418,2290040,80861,243379,5371,12997,1903,5031,3073,6841,汽车,汽车生活
砸钱办世界杯图啥？卡塔尔在下什么棋，让自己富的如此特别,小王Albert,864536,864536,68211,68211,9976,9976,1892,1892,20360,20360,知识,人文历史
全村吃席 我坐小孩那桌,乡村教师日记,853576,853576,95006,95006,9930,9930,4197,4197,107104,107104,,
废物的养成,黑旗团队,839720,1050666,103813,130552,7800,8243,274,553,1091,1967,影视,短片
春节联欢晚会宿舍分会场,熬一耶ye,831931,1452599,130819,242846,10303,17431,1131,2528,11882,20570,生活,搞笑
50斤蔬菜能做出多少蔬菜粉？帅小伙买来尝试，发现....,记录生活的蛋黄派,820155,1647205,69095,205950,8777,18259,321,1526,41215,115650,美食,美食制作
大炮！不许这样对你空叔叔！,漾少侠,804814,1175909,83327,115064,22785,31886,901,1694,13255,20587,动画,MMD・3D
【仙王的日常生活】算 你 小 子 狠,国创时光机,796300,1259633,46908,77043,0,2,66,105,192,260,国创,国产原创相关
以前没发现我家原来这么穷,篱篱的朋友圈碎碎念,726489,1510286,53191,102009,9990,18923,2970,6222,19280,36095,生活,日常
【10月】间谍过家家 18,哔哩哔哩番剧,722798,3567407,5402,46168,23,112,54,612,1678,9387,番剧,连载动画
最快抗塔世界纪录：2分13秒！仅存在一瞬的完美时机！！,布锅锅,696534,1256723,50212,87541,3234,6586,467,1297,9128,19045,游戏,电子竞技
《赌球心态大赏》,碎嘴企鹅,690523,967277,89267,131343,8644,12206,1720,3406,13757,21494,生活,日常
势利的阿真惹众怒,真子日记,689183,689183,59076,59076,1470,1470,1034,1034,2662,2662,生活,搞笑
全网最悠哉的别墅管家！主人长期不在家！一人独守千平豪宅！,老沙爱网事,682371,2628719,299,2860,1929,5006,1,83,31,127,生活,搞笑
这是我的好朋友，傻大个！,-勾魂公狒狒-,666638,755508,1360,3833,11546,12788,10,77,330,684,游戏,单机游戏
我带过的奇葩游客,杭州小黑诸鸣,654940,2991297,60151,292637,11028,49620,791,4067,6530,24664,知识,人文历史
Red Velvet《Birthday》MV,Red Velvet,654383,654383,60887,60887,19758,19758,9473,9473,38596,38596,音乐,MV
羊村（2）,小潮院长,638734,6021723,21694,557426,10518,184420,498,10402,15598,384029,生活,搞笑
假如发生了世界末日，这种丧尸危机你怎么办,期待的揣手手,633656,4578437,25425,166875,2454,14259,183,1507,531,2280,生活,日常
小时候的记忆，那时候觉得好好吃。,成都火锅底料工厂,629901,3515637,9239,51688,544,2489,222,1048,162,586,美食,美食制作
脸红的思春期,不吃鱼渝,614463,757255,21755,27274,8393,10587,760,1042,3455,4362,音乐,翻唱
某瓣9.0，据说看了一遍就不想再看的电影，艾德里安・布洛迪封神之作《超脱》,7块说故事,613475,797843,74680,79349,14289,15485,647,775,3143,3466,影视,影视杂谈
找出场景里的狗？我这看了半天了，怎么一个都找不到！,穿越者哇咔视频,611551,1001349,917,2003,7887,13346,3,32,175,343,动画,短片・手书・配音
绝了！好吃到爆！【肥牛白菜千层锅】一锅鲜到眉毛掉！,龙帅食堂,601760,3245694,44251,291072,20267,117909,188,1264,2701,13126,美食,美食制作
意大利的早晨，赶集没意思，出去走走。,刘庸干净又卫生,584117,584117,36370,36370,1094,1094,1714,1714,1971,1971,,
夸父和体育老师赛跑？这太欺负人了，直接去挑战追上太阳！,辉哥游戏解说,583566,611257,968,1624,6224,6580,2,18,254,322,游戏,单机游戏
单身四十多年体重两百多斤，他与这个世界格格不入,顾我电影V,581373,619946,64463,67284,9164,9452,854,1024,6543,7441,影视,影视杂谈
《自由之摇》,瑶生Y,576622,1407982,129339,283762,16321,30827,599,2225,12236,32691,生活,搞笑
无屏风表演《口技》还原文言文 ！！！,BBoxer酋长,574936,7439748,60240,797862,11306,143955,670,10956,26159,373792,音乐,演奏
今天波龙还挺狂，切开之后心挺凉,Jayson不是Jason,566169,2075655,20425,62392,1220,3480,297,1257,450,1363,美食,美食记录
成都小学门口的“铁板烤鸭”铁板烧，烤到滋滋冒油的老味道,肉肉大搜索,562232,562232,35085,35085,2909,2909,765,765,2544,2544,美食,美食侦探
男不养猫,云宠instant,561741,1448461,12426,39598,2344,6747,612,1889,467,1073,动物圈,喵星人
是谁我就不说了。,乱小世,554217,870457,22706,44270,916,1698,248,447,107,201,生活,搞笑
多名社区工作人员私下商议对“挑事儿”居民的整治办法被网友曝光,四川观察,544908,2586379,37878,180747,5065,25195,150,2823,10234,47074,资讯,社会
【36氪】为什么我们看病花了这么多钱，医院依旧不挣钱？,36氪,540175,2544117,35427,167524,7157,32463,1625,10507,5914,25483,知识,财经商业
香港电影竟如此丧心病狂33：碾压成龙，解体许氏，新艺城组合“最佳拍档”,王知无,522667,522667,23854,23854,3992,3992,782,782,11210,11210,影视,影视杂谈
大庆赶海，退潮后捡到一只钩子直接钓大蛏子，比撒盐还要轻松,大庆赶海,518968,1837219,37056,134141,2024,5778,93,549,857,4961,美食,田园美食
爸爸带娃细心又搞笑~但他有干预沁伊口呼吸~虽然这两样东西也没啥用哈哈,沁伊爹妈的助眠小屋,517448,762722,13802,25115,681,1158,194,349,80,151,,
小紫新皮肤大更新！这么漂亮的小紫，你喜欢吗？,穿越者哇咔呀,496048,810629,4931,16163,31810,47648,37,359,1190,3922,游戏,单机游戏
绝了...果真挖到宝了！！！,离城溜溜溜,493608,10625507,2722,97390,2464,73362,44,410,305,6360,生活,日常
?反 向 广 告?,伊丽莎白鼠,493602,2786200,46571,371605,9496,61437,348,7319,17493,159418,鬼畜,鬼畜调教
15岁三套换装全曲翻跳hype boy｜带你沉浸式参观美高校园 解锁新发型！！,-Emma-Z-,493546,934029,52085,114682,7600,15705,365,833,2596,6405,舞蹈,明星舞蹈
天生黄牙抽烟还有救吗,屈臣氏小夏,481983,1951867,3535,13565,2033,7689,24,116,245,747,时尚,美妆
头 号 洒 家,_青红造了个白_,480686,2535837,36917,230576,9197,49261,265,2920,15409,90416,影视,影视剪辑
密室员工:“放心，我很敬业的”,老番茄,478541,2228822,37383,319881,13652,67160,217,4152,14801,147955,生活,搞笑
我刚付钱买了炒粉和手抓饼 结果老板跑路了 我只能一路追着饭跑,刘铁雕Rose,477447,612515,31901,37615,8557,10418,1371,1813,5783,7444,影视,短片
魔法??,江江の备忘录,473360,1929661,5495,24504,975,6142,40,398,68,401,生活,日常
“来查我们家！”好的，收到～,成都市场监管,472259,2265221,46111,246860,1691,8355,583,3136,1129,4862,知识,社科・法律・心理
《水果社交》,周大爷不服老,470722,470722,87183,87183,4582,4582,231,231,1224,1224,生活,日常
《 看世界杯前的准备工作 》,狈总,470676,470676,47251,47251,1162,1162,488,488,732,732,影视,短片
有了170w粉丝以后…我和女友迷茫了！如果真怀孕了视频怎么拍？,盖里盖里兔,468221,468221,24377,24377,2637,2637,963,963,11068,11068,生活,搞笑
年度最奇葩手机？价值30w的小米12S Ultra概念版上手,影视飓风,466333,466333,47326,47326,5717,5717,2408,2408,15378,15378,科技,数码
当北京人没了儿化音,抵抗Resistance,464030,1361009,25330,81416,4101,11036,1573,5841,3982,12593,生活,搞笑
今天给年轻的南美自助餐老板上一课,吃不饱仨战士,463465,1630635,36864,144755,1463,5412,258,1063,914,4110,美食,美食侦探
今天晚生吃包谷饭下盘折耳根～,田花花,463102,624102,64437,87740,12641,17531,1676,2947,20352,29613,音乐,翻唱
小猫咪打架能有多上头？吃了暗亏的喵师傅，还爆了件“装备”！,豆沙包是两只喵,462806,3253100,46148,366749,12470,92779,615,4471,2917,15693,动物圈,喵星人
千万不要随便贴贴，不然，你会变成黄马,三阁故事馆,455947,1246195,115,443,887,2106,0,0,19,45,动画,综合
Red Velvet最新回归曲Birthday MV公开,pcyxjy,451645,451645,20127,20127,3646,3646,8140,8140,1501,1501,音乐,MV
这下你满意了吧？,阿星and阿奇,449624,3294075,2253,63491,2561,20784,6,185,151,1206,生活,搞笑
我收容了MC主世界的所有BOSS！！！,与山0v0,447269,1671883,43919,204724,11924,52854,369,3573,17604,127982,游戏,单机游戏
原价100W，打完折还要52W的游戏，我竟然买了？！,骨灰玩家陈二狗,443439,564932,16446,24961,709,1015,262,431,205,262,游戏,单机游戏
“这一跳，让她成为了全校女生的公敌”！,我不是狗子他是,439345,506343,15248,18082,1074,1169,136,163,1411,1778,生活,搞笑
vivo X90Pro+ 该紧张的不是友商 而是卡片机,林捂捂,438651,438651,31740,31740,2212,2212,723,723,4542,4542,科技,数码
赶紧防寒！最高级寒潮预警发出，两年来最强冷空气即将南下,中气爱,436518,672862,15287,33735,1015,1763,2743,4460,1346,3028,知识,科学科普
【原神】摆拍狂魔「奇妙的待机动画互动4.0」,西犯龉,436054,706362,64861,97868,15349,22863,155,279,3727,5777,游戏,手机游戏
【外挂风云】史上最强CF外挂陨落，北方网通大区生化5再起风云,国电武术馆馆长,433682,925240,11996,33619,1584,3865,335,980,1638,4280,游戏,网络游戏
真实！呆在普通中学和重点中学的区别！,安安才没有黄,433380,1073371,30710,104727,1839,5950,481,1829,203,590,生活,搞笑
真的，希沃已经很用心了，你们不用再说它了,希沃seewo,430512,948180,6775,15980,358,1063,205,619,40,120,科技,数码
剑魔：我出肉你满血斩杀线？？到底谁才是T0上单？重赛！,王氏上单,430126,430126,32349,32349,4045,4045,496,496,13074,13074,游戏,电子竞技
【饥饿站台】西班牙悬疑片天花板，待满一年就能领3亿元的奖金，这样的挑战你敢参加吗？,小陈说电影呀,425915,3582747,413,22673,1593,13471,0,188,60,502,影视,影视杂谈
【STN快报6.5季15】AI都能作曲了，什么时候能写快报,STN工作室,423823,708247,35337,69507,6138,12950,552,1419,26770,48321,游戏,单机游戏
英国数百名裸体主义者脱光衣服在公园狂欢声称不穿衣服，可以减少能源消耗,观察者网,423342,423342,30572,30572,1063,1063,2035,2035,71,71,资讯,环球
封校...已经...无所谓了...《最 骚 营 销 号 44》,NBzhuoc大,423260,423260,44220,44220,2924,2924,1008,1008,4750,4750,知识,科学科普
万物皆可名画,MEspace空间,418209,1765679,38275,213616,5794,27939,83,498,3567,16049,生活,绘画
心情不好的时候，建议多看看抗日神剧，眼泪都能给你笑出来哈哈哈哈,文西与阿漆,414139,414139,32796,32796,1718,1718,609,609,3448,3448,影视,影视杂谈
人造晨雾，渔夫摆拍，老农演戏！网红田园照，竟是这么拍的！,滤镜粉碎机,413773,413773,30633,30633,8186,8186,1680,1680,10279,10279,资讯,社会
万能修复法之大合集，胶水与其他东西的组合，修万物,宸宸爱发明,413227,997355,558,893,3012,5139,0,5,137,228,科技,极客DIY
全球十大自助餐！顶级鱼子酱海鲜随便吃！500一位能吃回本吗,HOLA小测佬,407054,1145020,36488,121501,7631,23837,214,982,7286,28867,美食,美食侦探
朋友们都说，我这脚法不去踢足球可惜了！我觉得专业的人应该做专业的事情，我可以画踢足球！,帅农鸟哥,406603,1287520,35253,126138,1136,4085,294,1345,4049,17293,生活,绘画
你敢挑战恐怖的飞天水滑梯吗？第一视角带你前去体验！,小猪爱跑酷,402330,1290187,31,767,449,11282,0,8,6,243,运动,运动综合
小伙一人偷走200斤电机，局长不信让他当场示范，傻眼了，犯罪片,西瓜说剧,402053,1653933,239,1577,827,2629,39,434,57,148,影视,影视杂谈
不当人之风光大葬,国家2级飞行员,401892,2388149,28722,193573,2929,16385,131,841,655,3486,游戏,电子竞技
15场磨人心志的第三颗核弹终于爆炸,老6使命召唤,394010,831279,71112,106112,8879,12662,746,1458,24211,38386,游戏,网络游戏
我精神状态的缩影,江浩的江,383429,599527,53080,87703,7681,12287,585,938,1671,2524,生活,搞笑
【萌黄一槽】迈特戴全技能爆料！青春爹登场，燃起来了！,火影忍者手游情报君,379842,379842,21489,21489,1084,1084,2081,2081,1561,1561,游戏,手机游戏
日本队派出了波风水门以及...,乌鸡哥QEU,379485,1064519,39699,80324,11427,24669,343,1206,3558,8014,生活,搞笑
22年前他花10分钟写的歌，我一听就是20年。,MusicK1,377400,1611385,19288,77056,11147,42503,440,2440,4075,13324,音乐,MV
《怪味花生》的快乐你懂的！世界杯看球、追剧不得给自己学做点小零食？,蚊子-学做美食,377052,377052,47707,47707,8024,8024,421,421,3190,3190,美食,美食制作
致敬经典！马嘉祺翻唱亚洲第一男高音张雨生《我期待》,马嘉祺官方后援会,374908,978348,9229,56565,8274,53207,334775,650514,4908,34349,音乐,音乐现场
熊出没里去世的八个角色，原来喜剧中的悲伤也会逆流成河,虎妹说动漫,374162,512994,737,5551,8159,9504,1,68,48,212,国创,国产原创相关
当rapper老了…,王大姐来了,370512,783373,31890,82159,2029,4259,309,709,5625,11831,影视,短片
是的，我有个破吉尼斯世界纪录的朋友了（下集）,李嗲老铁恋爱日记,366860,4164225,16372,208846,925,10407,39,474,171,1349,影视,短片
??监 狱 哥 哥??,JKAI杰凯,365556,2099141,23452,142335,4567,23063,431,3667,13637,72206,音乐,翻唱
又又又创历史！全服第一个153级玩家诞生！再来波忍具合成看看运气如何！,鬼叔黍,365466,365466,38126,38126,3014,3014,815,815,45363,45363,游戏,手机游戏
"劫匪高智商抢银行，放出来后拍成电影大赚一笔",大聪明说电影,364245,529623,22123,34138,1321,1827,69,115,111,169,影视,影视杂谈
少佐，请给我命令。,樱井阿又ovo,363925,363925,50273,50273,12485,12485,678,678,4815,4815,,
13岁男孩被货车撞飞，局长好心相救，却反被诬陷成肇事者！影视①,幕撩电影,360104,811927,150,281,1063,1874,2,4,42,72,影视,影视杂谈
阿克尚：0/17/2 都输不了吗？,BBGG丶狮子喵,358841,664349,25155,55417,406,853,359,847,366,858,游戏,电子竞技
星期三，我的嘴替！,丸子温,358134,491019,32223,44388,13978,20836,427,725,2513,3743,影视,影视剪辑
永远打不破的世界纪录！田联为此修改规则，一旦打破后果不敢想,七七酱说体育,357439,745273,202,389,689,1198,1,2,23,44,运动,竞技体育
改装300台机器人，保安大队成立！,,356334,2450399,1526,12916,19606,83789,5,130,809,4973,游戏,单机游戏
短视频百万粉丝博主推荐的网红零食，真的好吃吗？？？,穿毛裤的小拉泽,355740,355740,27745,27745,1230,1230,543,543,3068,3068,美食,美食测评
为了烤苕皮做了一桌菜！英国公婆无法抗拒的街头小吃！,老少女阿珂,351565,854830,19274,69180,737,3688,302,1628,4103,14868,美食,美食记录
万一赢了呢？,阳光男孩小丑熊,351363,351363,34696,34696,1116,1116,979,979,2578,2578,游戏,电子竞技
男性可以娶4个老婆？想去卡塔尔打工？别再瞎吹这个石油帝国了！【洞察社会系列80】,王小七Fire,349698,3334150,25051,274749,3825,38822,1089,12553,14216,127701,知识,社科・法律・心理
原神中的首个风拐珐露珊终于来了！风C的春来也来了！散兵就是倍儿有面子~,游戏李的你,348298,442535,30833,34583,1856,2182,636,813,103,117,游戏,手机游戏
我见过候鸟就这么去了南方,喵与茶,348114,348114,28372,28372,5626,5626,609,609,5494,5494,动物圈,大熊猫
中国版权保护中心暂停软件著作权登记 恢复时间另行通知,都市时报官方,347187,347187,4176,4176,701,701,1571,1571,59,59,资讯,热点
螺蛳粉真有那么好吃吗 ？,川渝火锅底料工厂老杨,344531,689490,4486,9001,140,259,24,76,33,98,美食,美食制作
建议严查祖上三代,柏喑,343348,5519668,9504,183789,3846,62985,107,2357,1184,13774,生活,搞笑
战场威力不如石头，破甲能力靠吹，日本武士刀原来是样子货,冷兵器研究所,343001,532397,15118,25060,3382,5821,2814,5128,2414,4009,知识,人文历史
美洲原住民要求将感恩节假期改为国家哀悼日,波士顿圆脸,341301,341301,42369,42369,2740,2740,1511,1511,5805,5805,资讯,环球
我真没哭…..,就叫王铁柱,338815,828242,24381,49297,1343,2816,83,211,56,127,生活,搞笑
MR.BONE之BONE的后室大冒险第2集！Level！十公里长廊（你猜有没有十公里？）,MR-BONE,338686,925382,4907,20403,9447,22561,103,412,403,1250,动画,综合
还未测试就喜提2.8分！ 史上最离谱乙女游戏诞生！,龙啊命,338519,415250,25330,32355,1503,1889,1563,2031,1517,2410,游戏,手机游戏
不喝这水，就得渴死，你喝不喝？,齐哥净化论,338125,3709243,5484,87072,348,4292,57,754,151,828,生活,家居房产
卢塞尔的VIP体验区，再次和梅老板0距离,退钱哥本人,337800,337800,31623,31623,1197,1197,668,668,3899,3899,,
错的不是我，是这个世界！！,小扇雀子,336342,2776751,33152,243081,3254,28633,371,4582,2072,14760,影视,短片
找出目标人物？我找的贼认真，玉儿却怀疑我在找老婆,,335701,929423,311,1339,3305,9417,-5,11,68,221,游戏,单机游戏
中国联通：世界杯期间谨防电信诈骗！,中国联通客服官方,332747,1341882,37360,166205,2781,10541,626,3134,2510,10087,生活,搞笑
露天大银幕有吃有喝躺着看比赛，可不比在球场看球差呢,玲子reiko-,331642,947877,18948,82514,647,2056,153,508,108,550,,
看好了沉香！宝莲灯是这么用的 ！(番外篇),远古黑金,331385,331385,28863,28863,3811,3811,931,931,11905,11905,动画,短片・手书・配音
猛男就该肚大大！世界杯球迷主题曲,猛男舞团IconX,330480,1239516,51615,195679,2892,10062,160,1021,4553,21580,舞蹈,舞蹈综合
四月份的时候，我种了个小米辣，后续来啦~,花前先森,330417,822787,10108,27285,1603,3436,17,138,76,208,,
他曾经也是个做游戏的，现在……,英雄哪里出来,328480,758695,6352,25022,4618,9293,291,1424,3238,12854,科技,计算机技术
“他们说我长得像吴彦祖，真是莫名其妙”,花京院的耳坠,328404,597080,4881,8332,192,353,126,340,12,22,生活,搞笑
曾因太烂而改变动画界的“神番”！因一个名场面沦为反面教材！,政宗君de情敌,327490,401073,11683,16686,2676,3609,196,398,873,1550,,
含 妈 量 不 足,知了解压萌物,326796,636314,32439,80047,1567,3541,200,735,5545,13406,动物圈,大熊猫
一个斯拉夫女人的告别,风知草jm,326732,917974,120188,177926,18274,29461,531,1673,15230,37679,音乐,演奏
求求你别玩假原神了！这才是真原神！草神逆袭！,猹泡饭233,323688,1807872,24428,176049,7614,37993,123,1267,2263,17470,游戏,手机游戏
本期球王介绍：马拉多纳，《马拉多纳离世2周年特辑》,52岁翼大利-老艺术家,322832,503334,22068,35878,1064,1823,68,165,145,280,,
你吃过一块钱的午饭吗？,李娃娃在这,319778,772812,28853,84372,2378,6777,453,1191,4784,9971,,
张涛：我好像有伴儿了…,阿沛不开心,319082,319082,57992,57992,1744,1744,700,700,1342,1342,生活,搞笑
当火柴人遇上百万剪辑，实在是优雅至极！ #火柴人 #小游戏 #超燃,坤坤说书,317391,1999406,905,5950,7765,53052,0,3,123,666,游戏,手机游戏
今天吃的不好，生气了！,吴彦祖秃顶版,317059,317059,32269,32269,347,347,636,636,685,685,时尚,健身
90后爸妈是怎么教育小孩的？,粤知一二,317022,317022,48497,48497,1789,1789,343,343,1800,1800,生活,搞笑
谁还没个狐狸恶魔了？！,柯基酱溟雨,317012,612846,20527,52137,5757,14247,238,842,833,1782,,
走近科学。,脱缰凯Kk,316449,316449,40884,40884,1644,1644,319,319,1410,1410,影视,短片
有一说一，繁体虽然复杂，但写出来也真的好看…,小庄练字课堂,315649,356269,7596,8977,1191,1453,535,621,82,96,生活,手工
发明这个口服液开盖器的简直是个天才,谣言鉴货,314724,933171,7107,22970,253,796,338,1073,62,186,生活,日常
b友在云南捡到奇怪东西后噩梦缠身，向我诉说离奇经历，谁能帮帮他？,借我300去洗牙,314422,420469,14724,23014,3296,4289,2633,3971,982,1372,生活,日常
【昨日头条】13：pyosik哭了！Deft怒怼doinb后秒删，真相竟然是“电竞甄执”?,德云小太阳,312365,449575,8728,14719,674,1133,1094,1845,548,1107,游戏,电子竞技
女声开口惊艳!!校园神级合唱《我用什么把你留住》所以生命璀璨如歌,张张张拾一,310130,3337670,37192,311872,15617,142293,332,5343,14147,165460,音乐,翻唱
【纪录片】未来漫游指南 02 星际航行,哔哩哔哩纪录片,309843,2592657,1045,9287,5,57,133,1316,227,1880,纪录片,科学・探索・自然
没想到风风雨雨十八年的感情输给了“自助餐”,高矮胖瘦吖,308998,785402,14738,30816,507,1128,412,843,106,263,生活,日常
《 中 国 的 水 墨 画 还 是 画 保 守 了 》,DJI大疆创新,308064,634095,31058,60133,17438,33349,456,1084,10454,19443,科技,数码
拽姐都不看？6,拼音音,306981,427549,26874,50333,7500,15080,219,426,1108,1952,,
点进来爽！《每个眼神都只身荒野》宋亚轩炸翻舞台！,宋亚轩的留声机,306909,793404,11309,61504,8210,50925,319729,516815,6848,32709,音乐,翻唱
传统手工蜜丸制作：出丸,陈德文医生,305877,1539266,3902,19377,279,1295,72,507,24,114,知识,科学科普
有人要我开24小时直播证明我很厉害，我真是气笑了，网络可不是学校，说话请慎重,硬汉形象26,303456,322424,47121,50074,4321,4473,951,1195,4766,5324,时尚,健身
【TF家族】《一起去做的N件事》第八件事：一起来打call,TF家族,302226,1127948,8028,54527,1591,9557,653,16762,1772,10282,娱乐,明星
如此敏感,演员LZH,300527,4013762,19154,352086,2663,37010,655,6871,1101,9890,生活,搞笑
芬兰一家人血战东北烤肉到场面失控！流汁宽粉嗦到上头吃嗨了！狂曝侄女恋情细节收都收不住！,雨琪在芬兰,300070,817232,18929,74882,1352,6003,393,1882,9835,41076,美食,美食记录
山东婆婆被日本儿媳妇的厨艺给征服了！！直接送来了二十斤生肉,日本媳妇在山东农村,299795,396187,13432,20464,1598,1825,1286,1581,1635,3582,,
如果用港风的方式打开科目二,王左中右,298699,298699,5009,5009,949,949,187,187,629,629,游戏,单机游戏
大学四年的室友兄弟 有着共同的目标：就是“不做细狗艾特你摆烂的室友过来 给我把他丢进去！,black柯达鸭,297676,1816957,13103,91600,1431,7849,253,1342,208,995,时尚,健身
李信：要用免伤来打败免伤,尴尬的铁根er,297029,1119303,6233,69892,782,2159,86,1037,373,2896,游戏,手机游戏
【原神3.2】立本自助/UID评论区自取/冰盒子/火盒子/,你的影月月,296052,296052,21546,21546,2984,2984,2000,2000,3028,3028,游戏,单机游戏
生日这天，我被隔离了,苏胖来喽,295729,336283,18779,27815,856,1311,1186,2737,3767,6728,美食,美食测评
Tian我真的很想听到你们说话是什么梗？【LPL梗百科】【TES2022年度纪录片】,LPL梗百科,295359,295359,7664,7664,600,600,3134,3134,480,480,游戏,电子竞技
我被没看见就会悄悄移动的木偶傀儡追杀了！,卡慕SaMa,295202,295202,41443,41443,3464,3464,617,617,4400,4400,游戏,单机游戏
【使命召唤】动视官方采纳了我的建议,伞斌一号,293855,423171,18200,25181,1752,2230,57,121,89,118,游戏,网络游戏
武汉一高校食堂撤走凳子学生站着吃饭  校方：遵守防疫规定,网易新闻,293454,293454,10929,10929,828,828,1640,1640,226,226,资讯,社会
绍兴.次坞打面合集  厨子探店?？？,,293409,1047514,23378,88657,553,2153,375,1477,332,1521,美食,美食侦探
送死流塞恩偶遇送死流小炮，3-25举报3-26的，弹幕都笑疯了！,我才是熊猫大G,291098,291098,9978,9978,390,390,388,388,764,764,游戏,电子竞技
年轻的厨师被经理教训了，转身回到厨房拿起西瓜刀,疾风视界,289847,3674149,186,4132,1309,12273,0,27,12,231,生活,日常
世界杯三大问？,Thurman猫一杯,289808,753542,14968,63292,2387,3774,219,1280,314,1125,生活,搞笑
很多人和父母“绝交”，不是没有原因,黄一刀有毒,288752,1163200,32538,101383,11496,35263,1241,7525,4908,20479,生活,搞笑
伤害性不大  侮辱性  极强,历史英雄看官,288196,288196,7733,7733,789,789,20,20,52,52,影视,影视剪辑
宝宝视角逛超市，沉浸式当“馋嘴宝宝”，没付钱的东西不能吃噢！,胖团胖圆麻麻,288168,442291,12428,24441,1370,2073,275,783,1136,3527,,
倒霉鬼遇上幸运女神，竟然产生了化学反应,,286367,898987,41,1280,436,1290,0,2,10,47,动画,综合
蜘蛛感应应该是最BUG的技能了，运用好了简直无敌！,GK混剪,286217,2679113,11609,131603,809,6632,59,470,204,1214,影视,影视剪辑
《 我  妈  要  吃  我？！！？？！》,小孙ATOM,285271,957130,4944,52507,8310,23137,80,1512,936,10253,生活,搞笑
白素贞原来是个极端恋爱脑！经典网剧《灵魂摆渡》第十六回,小片片说大片,284766,284766,41516,41516,2850,2850,653,653,14397,14397,影视,影视杂谈
【敖厂长】手机游戏在逐渐占领玩家的电脑桌面？,敖厂长,284422,3897854,1087,44147,48,4063,64,11498,112,7887,游戏,单机游戏
【卢克文工作室】西方为何抵制卡塔尔世界杯：体育竞技真的无国界？,卢克文工作室,283399,283399,13317,13317,1151,1151,227,227,1196,1196,资讯,热点
【鱼肉肉】群青 太燃了叭！,鱼肉肉pabo,283378,1424574,37194,203564,6686,36955,74,873,2368,11892,舞蹈,宅舞
这都是啥...？厕纸地狱！2023年1月新番导视！【泛式】,泛式,282745,1719589,15569,166576,3512,27437,625,8769,4507,46259,,
这一笑把10年功德给笑没了,迪士尼在逃黄狗coco,281812,1516919,22943,166160,1690,10166,133,909,207,1103,动物圈,汪星人
胖龙偷懒，下两包螺蛳粉，配两只烤全鸡，做法简单，吃着不简单,胖龙的小生活,281196,281196,14590,14590,384,384,371,371,2080,2080,美食,美食记录
早读是对学生生命的浪费！,7点的旭子,279614,4207246,25720,374986,4870,81921,2113,30133,8990,123342,知识,社科・法律・心理
液压机压爆世界杯足球…,液压机李四维,277759,352756,25495,36228,588,788,280,402,1367,1876,生活,日常
鳄鱼袭击电鳗，却被860V电压电到全身抽搐，谁才是亚马逊终极杀手,隔壁老王爱科学,277445,737259,4000,10254,231,612,312,869,69,165,知识,科学科普
男子带几十个U盘淫秽视频乘车被查，辩称是电视剧，民警：几个人演的？,东方今报,276988,276988,8404,8404,625,625,2773,2773,74,74,资讯,社会
「盲山灼灼」,雅儿推文,276581,1456551,486,2392,3475,16870,0,5,115,393,美食,美食制作
大雄变成了肌肉猛男，静香喜欢死了,大强动漫y,274655,1116012,167,654,1550,4620,3,13,17,62,动画,综合
凌晨两点出摊的早餐，你吃过嘛,猪头新一-,273931,1899321,11168,117218,1192,11636,108,1107,181,1478,美食,美食侦探
“进去了一个，还有一窝”,我叫孙火旺,273130,1159299,17111,95212,1352,6743,78,1875,8730,46106,生活,搞笑
这就是老婆的力量，爆超小菲比五人组全员博奇打败最终boss！,青柠动画城,272967,272967,21135,21135,1171,1171,1233,1233,1699,1699,,
【原神】散兵:拿开你的臭原石,杨启明同学,271347,301119,30423,32885,2819,3253,254,361,292,361,动画,MMD・3D
《你回来》豆瓣拒绝评分,亚里土缺德,270947,387336,12715,16070,5047,6723,1789,2883,593,781,生活,搞笑
狗是狗，边牧是边牧,冬冬和37,270485,354788,28025,37236,975,1233,56,163,188,442,动物圈,汪星人
我买的文具 VS 我妈买的文具（四），到底谁的更好用？,烤面包的种子,269251,1634178,427,1893,3148,13514,0,3,47,193,生活,手工
为什么追我？ 只因…..,小陈_Yina,269080,890604,8294,32097,2909,12196,143,629,1073,3629,舞蹈,舞蹈综合
老话说得好：......,药小高,268191,4603863,15319,179411,2147,28036,275,3830,494,5817,美食,美食制作
父亲开车撞了劳斯莱斯，然后邀请他一起吃盒饭,彦祖演起来,268152,878403,632,14725,754,1884,1,118,11,78,影视,影视剪辑
阿虏的财力有多豪横？吃顿拉面竟然能吃出五百万！,表哥说动漫,268066,818823,215,1729,1313,3136,1,15,27,83,,
“咋的 瞧不起带闪的关羽？”,楠鸽闪马,267700,1416326,18854,114753,3234,15401,231,1308,1635,7906,游戏,电子竞技
【小卖部】突发！哑巴溜子寡妇四眼将会永久离开小卖部....,-超级小能猫-,265179,265179,18324,18324,2442,2442,1581,1581,2163,2163,生活,搞笑
大张伟：一个清醒活在娱乐圈的摇滚人,话很多的小姐姐们,264860,264860,21538,21538,2993,2993,1413,1413,7225,7225,娱乐,娱乐杂谈
粉丝在暗网下载到奇怪的我的世界，打开后电脑中病毒了！,,264503,2274704,3230,64099,8371,42716,3,615,1092,8799,游戏,单机游戏
【瑞克与莫蒂】瑞克大战“尿大师”，好不下饭的故事……第六季第八集剧情解析＃236,安迪视频,264111,264111,23183,23183,1719,1719,1189,1189,3870,3870,,
对着猫屁股吹气它会生气吗？,太喜欢栗子了无法自拔,263397,687816,18622,66367,1349,4350,45,277,68,339,动物圈,喵星人
辣鸡赢麻了！11月新品快餐大赏！,网不红萌叔Joey,263085,263085,22945,22945,1416,1416,291,291,1305,1305,美食,美食测评
这可能是我这辈子距离梅西最近的一次,,262029,7961655,35411,1008165,2975,72225,145,8205,6656,169704,,
「第二别走」,,261280,3811874,594,10754,3611,69324,6,24,213,3247,美食,美食制作
当你有个年龄差很大的哥哥,自来卷三木,260726,1410538,9425,104417,4101,14778,162,2021,1759,17398,生活,搞笑
不谈恋爱的男生可以多爽？独居老宅男的房间分享！,方糖sky,259876,363147,11912,15612,9708,13347,1243,1777,4922,6419,科技,数码
简单的想哭，有手就行的板栗焖饭,Tiger西西,259700,403436,42416,68750,4071,6818,178,471,1116,2563,美食,美食制作
5斤肥肠，一把螺丝椒，做“青椒煎肥肠”看吃相就知道不简单,,259165,577261,7392,23135,408,952,138,573,1300,4070,美食,美食记录
一口气看完《大兵小将》，士兵精通各种装死方法的，屡次死里逃生,田佐剪影,259036,649740,1103,2206,139,280,21,238,43,99,影视,影视杂谈
斗智斗勇！ 妈妈为孩子安心网课删掉娱乐软件，孩子重新下载后隐藏,新民晚报,259010,286243,3163,3827,295,344,121,143,0,45,资讯,社会
谁不爱这一份骰子牛肉！真的很嫩很有嚼劲～也太香了,美式不加糖K,258581,1489409,4200,30692,261,1430,108,807,48,259,美食,美食侦探
第一次在寝室尝试喷漆，废了好多块板子才出了一个镜头！！,依云比比,256187,404555,7987,17061,462,989,45,77,33,61,生活,日常
执法人员：我是来干啥的来着？,世界美食official,255697,255697,29906,29906,1025,1025,645,645,2870,2870,美食,美食侦探
我判得很长，你忍一下！粉丝和geigei在2035有个约！,辛西娅撩剧,255544,815073,11377,43118,832,2694,592,2189,423,1474,娱乐,娱乐杂谈
红警对手守不住全都退守江东！一人独占陆地所有资源！,红警HBK08,255099,255099,17409,17409,547,547,380,380,2389,2389,游戏,单机游戏
《动物迷惑行为大赏132》,龙馍馍,254301,254301,24256,24256,1081,1081,206,206,1934,1934,动物圈,大熊猫
叫破喉咙也没有人来救你的,爱养柴的刘小姐,252835,733884,26906,88177,2147,8582,224,963,259,1025,动物圈,汪星人
少年觉醒不死之身，唯一的愿望竟是死去,香橙说漫,251338,1529744,769,5843,4081,24978,2,113,196,892,国创,国产原创相关
好奇害死猫,知安君,251306,1300530,11679,53430,780,3755,128,762,60,349,动画,综合
比起弟弟我更喜欢妹妹呀！,陈不打工陈,251096,304242,5538,7141,1124,1252,162,291,271,469,生活,日常
新版植物大战僵尸就这？玩了之后我人傻了！,花生味花生酱,250951,1101956,14923,76499,1389,6909,246,3055,367,3420,游戏,单机游戏
女子定错位置被外卖小哥训斥，大喊：倒了八辈子霉遇到你,,249865,368219,9738,16560,364,709,669,1949,168,254,资讯,社会
红警碰巧撞见李鬼了！和队友超级武器配合一套组合拳！,,249479,249479,16087,16087,459,459,339,339,1809,1809,游戏,单机游戏
“短短几秒钟 心动了六次”,颜值预报圆,249473,249473,32518,32518,9503,9503,141,141,850,850,娱乐,明星
阿根廷2-0墨西哥！梅西贴地斩，连场进球，巨星是如何改变战局的！,隔壁红魔,248952,1657100,4871,52483,383,2531,184,2526,596,5049,,
带大家看一下第一视角取油，找一下儿时的记忆！,,248741,3124599,3155,39095,190,1835,47,803,19,304,美食,美食制作
头好痒！,,247760,247760,20060,20060,197,197,365,365,370,370,生活,搞笑
秦汉以来中国父系第一大家族【聊聊各地的特色大姓04】,何解毒,247752,247752,18803,18803,3601,3601,2642,2642,5297,5297,知识,人文历史
母亲不愿意剪断孩子的脐带，孩子被迫成为妈宝男陪伴母亲一生,南乔巧,247021,1739662,119,9434,976,6169,2,199,27,240,,
1944年英国陆军单兵口粮有多豪华？,超哥日记,246506,526094,14068,16937,1153,2718,95,125,126,232,美食,美食测评
【赝波行动轮换图】每日8级 摆完挂机 简单好抄（完结至11.28冻原矿场8）,萧然Q,246311,4903116,4290,72617,-40,19953,136,1926,6670,70415,游戏,手机游戏
我的英国同学带我去听了她的中文课，憋笑差点憋出内伤，哈哈哈哈,猫der和饭饭的日常,245702,834162,18803,81725,1411,5197,162,887,318,1242,生活,搞笑
实在不行，我就改行吧……,唯佳酱,245371,265612,14660,17764,1289,1406,45,82,61,103,生活,绘画
我直接一整个震惊住！,i爱探险的Dora,244833,22486740,1209,307925,1139,216492,40,9925,272,25126,时尚,美妆
《功能型饮料》,小李与小手,243868,4427500,3324,66046,2337,36422,11,190,76,1179,生活,搞笑
姜 太 公 钓 鱼,枫泽雨畔,243865,810683,36602,146650,5597,18510,166,777,4069,13030,动画,综合
一个赌徒的心声，这个世上是没有后悔药的，珍爱生命，远离赌博！,带你去T星,243764,1419542,5797,43720,369,2065,294,1723,122,411,生活,日常
青铜局果然卧虎藏龙,搞得自己很帅一班主任,243725,357589,22078,34974,582,821,251,493,743,1499,游戏,电子竞技
多名德国球员赛后告诉西班牙球员：要战胜日本队,环球网,243436,243436,11672,11672,531,531,1364,1364,83,83,资讯,热点
大雄在翻花绳的世界里称王称霸，混的风生水起，却害苦了哆啦A梦,漫心奥说,243239,946154,107,1066,965,2240,0,87,19,71,动画,综合
长达百米的百面老虎机，能让所有赌鬼戒赌的神器,无幻漫剪,242849,755637,241,2802,979,2627,0,1,28,103,动画,
“我会遇到好多有趣的人，但我不会落下你.” 今日的9个笑脸，希望能温暖你这个冬天~,街头爬楼党,242420,1484802,16334,82848,1905,13429,138,1024,1881,9399,科技,数码
我不管你的酒店有多高档，我只知道它的地板沾了水就一定滑！,项真爽,241771,1229244,22374,131246,1250,6700,51,401,534,3202,生活,搞笑
烫伤的黄金1分钟是送医院吗？错！,皮肤科教授张堂德,241555,509959,20386,46698,6778,15299,264,556,352,733,知识,科学科普
KFC新品芝士意面汉堡到底好不好吃？热辣芝芝肉酥脆皮鸡真的令人上头！,章余飞不是章鱼飞,241228,241228,18856,18856,967,967,1205,1205,2752,2752,美食,美食侦探
"游戏试毒：关于我被盗版我的世界，骗了40块这件事!",渣渣辉TD,240944,765987,3800,17540,5703,20229,27,214,513,1743,游戏,单机游戏
徐州发布：郑州未经沟通 凌晨将870人转运至我市,,240827,2898037,7666,110466,711,10401,-736,6581,355,4481,资讯,社会
我的世界：基岩版极致压榨，速刷绿宝石，村民：一滴都没了,图图图酱吖,239872,450739,21935,46648,6780,12719,73,324,528,1066,游戏,单机游戏
火箭终于得到巴基的手臂啦,丝滑爱燃剪,239490,287251,17039,20448,507,633,81,131,54,66,影视,影视剪辑
《宝可梦朱紫》致命问题，一击必杀必中，公平性崩坏,口袋迷ag,239400,239400,9895,9895,840,840,1736,1736,2185,2185,游戏,单机游戏
7千元账号被找回！反复找回三次 情节严重 定性盗窃！,螃蟹账号脱坑号分享,239054,239054,13495,13495,726,726,1792,1792,1770,1770,游戏,网络游戏
你相信命运中的巧合吗？,搞笑稀奇古怪日常,238827,2924684,683,47836,1261,16078,23,1591,52,904,知识,人文历史
街头弹唱 陈粒《走马》世界孤立我任它奚落,林宝馨,237799,282101,14439,17526,3000,3597,547,892,6079,7447,音乐,翻唱
在法国诺曼底吃席，海鲜盛宴流水席，海洋美味就在这一桌,Yooupi食途,235723,1266574,18484,122903,1317,7296,268,2709,3888,38121,美食,田园美食
剧TOP：这里就是我钮祜禄?如h的坟墓！TVB绝唱大戏《金枝欲孽》P6（大结局）,电影最TOP,235102,490263,14255,44206,1418,5335,451,1639,12217,35342,影视,影视杂谈
涂成对应颜色？照葫芦画瓢就行了呗，涂着涂着发现不对了,唐公主玉儿,234984,808150,139,835,1055,3788,0,14,33,121,游戏,单机游戏
挖槽，妹子试400斤杠铃，一抬当场脖子被压没了,baby小凌儿,234708,257961,3287,3835,556,639,394,459,155,181,汽车,汽车生活
她吃顿烧烤C十斤，我吃顿烧烤得胖十斤【总裁镇不住少奶奶了】,小风漫画,234578,677025,1917,4752,18163,47689,0,3,415,745,动画,
年轻人就应该奔赴自己的热爱 绽放青春吧,舞者HR浩然,233961,1241208,8335,41338,553,2847,60,284,78,421,舞蹈,街舞
顶级饭店的糖醋排骨秘方，没想到这么简单！秘诀只有这2点！,盗月社食遇记,233862,995391,20899,117390,8531,34157,204,2200,7251,51020,美食,美食制作
恋爱告急 ?(? ? ?ω? ? ?)?,沛沛瑶呀爱吃糖呀,232734,232734,14735,14735,3356,3356,1271,1271,3678,3678,舞蹈,明星舞蹈
老蟹和老痞穿一条裤长大,漆哈哈说电影,230525,2111624,128,2089,908,8073,0,38,19,144,,
【睡前消息517】正威旋转门，欢迎安庆人,马督工,230503,468210,33929,86397,9329,23773,777,3063,51527,124291,知识,社科・法律・心理
【Q&A】网红cp能问的不能问的都在这了,吴一斤斤,230005,411642,18102,30697,1411,2329,278,786,1334,2621,生活,日常
今年爆火的国风单曲《难却》你听过吗？,浅影阿_,229730,229730,13339,13339,2019,2019,851,851,4158,4158,音乐,翻唱
“纽扣眼仿妆＂挑战！假如把眼睛变成纽扣，竟然一个比一个更暗黑,桂圆子同学,228732,1061248,326,1680,4980,24233,7,50,85,483,生活,搞笑
陈翔六点半：一句话，让女神对我穷追不舍,陈翔六点半,228472,228472,18344,18344,353,353,523,523,1233,1233,影视,短片
也许你的故事并不是从快乐开始的，可是你看看现在，你有面条，你有功夫，你还有我”,三脚猫燃剪,227979,650820,21181,35975,9356,24406,62,109,1438,2285,影视,影视剪辑
谁能拒绝一只打npy就能弹出声音的小香蕉呢～,玩具达人-安妮,227905,2534565,2784,37213,776,12290,31,542,53,802,生活,日常
给冬哥来一波回忆杀,,226608,843642,15455,62654,556,1688,12,157,70,324,生活,日常
【绝命伪钞者】一口气看完国内首部伪钞题材网剧《伪钞者之末路》,加班影视,225597,1610926,351,1894,1198,8378,2,11,83,441,影视,影视杂谈
小黄瓜摸了真的会长不大吗？,刘惟与,225469,2565532,1540,32861,1836,20564,7,255,105,1375,生活,日常
声称为“支持伊朗女性争取人权”，美国篡改了伊朗的国旗，伊朗足协：世界杯应立刻开除美国队！,,225174,225174,15508,15508,338,338,895,895,71,71,资讯,环球
3.3复刻必抽角色-雷电将军全方位解析,小早柚原神,225103,279834,30293,37362,8652,10631,485,658,826,1065,游戏,手机游戏
你好Ai绘画，我为我自己发声,,223865,223865,26813,26813,722,722,618,618,853,853,生活,搞笑
工作餐都出盲盒？一顿花了1500，到底都吃了些啥？,哇塞几张,223702,590456,16806,57171,565,2296,156,774,3500,11738,美食,美食侦探
罗马女权活动家要求消除性别暴力,RT今日俄罗斯,223047,223047,6212,6212,711,711,577,577,41,41,资讯,环球
我套娃了套娃我10小时的人【鸡你太美看到死】,没那么太古,222895,222895,22203,22203,1840,1840,1019,1019,2361,2361,生活,搞笑
宅家时装秀｜来看看南方妈妈会喜欢的穿搭～,我是小柑橘子,222410,543391,11935,29601,3668,10433,148,339,210,457,时尚,服饰
今年冬天吃烤地瓜了吗,瑶一瑶小肉包哦,221811,2073146,25052,261644,2880,25533,181,1654,1220,9629,,
这次是室外装空调，下次说给赤道镶金边也就不奇怪了,,221479,221479,29300,29300,577,577,390,390,243,243,,
留学生眼中最难发音的英文单词是什么?,任性的KIMKILLS,221473,284150,15509,19975,1745,2282,479,881,36,47,知识,校园学习
臣 妾 会 魔 法,mis清寒,221424,1478256,13214,102007,3759,26927,150,1347,2628,19051,鬼畜,鬼畜剧场
童年拆楼游戏的最终结局是什么？玩到最后竟让我泪目,黑黑苹果酱,220746,952034,9742,57588,3410,13120,97,622,4762,27122,游戏,单机游戏
“这姐是中国首个登上MAMA颁奖礼的女团c位”,马颗粒pabo呀,220338,321198,3980,6156,564,706,533,603,46,57,娱乐,粉丝创作
你们搁这儿套娃呢？,,219857,6117288,3393,126347,1765,65031,12,361,180,4891,生活,搞笑
国服大眼,蚱蠓,219043,219043,16537,16537,1189,1189,840,840,1952,1952,游戏,电子竞技
小伙赌球，手机中病毒自动转账20万：拔了卡还在转账，关不了机！,star星视频,218116,218116,3104,3104,610,610,1261,1261,20,20,资讯,社会
女生呵斥图书馆放不雅视频男子遭回怼：你心理素质这么差吗？,新闻晨报,217226,251398,9198,10339,315,396,549,800,37,55,资讯,社会
请不要让我蠢蠢欲动！！！,狂风桑,217066,472350,31575,72670,3360,6539,71,268,853,2751,动物圈,大熊猫
老师的无语瞬间~,晗哥mc,217065,1501909,407,8237,4761,29864,2,39,52,372,游戏,单机游戏
「谬误妹妹」,,215952,764079,470,1776,2100,9588,0,5,109,272,美食,美食制作
《叮叮当！叮叮当！快出心之钢！》,萌新二次方,215825,1268130,13493,83183,2789,13739,121,1535,4428,22800,游戏,电子竞技
【卢克文工作室】从数据读疫情,,214795,214795,20537,20537,4811,4811,169,169,14020,14020,资讯,热点
既然父母没教育，那就交给我来教育,三哈兄弟-沙雕日常,214440,4101363,21797,458388,1684,30637,103,3660,2072,39354,生活,搞笑
这年头真有怪敢给自己挂冰啊？,王小美真的很美丶,214051,805013,12659,53583,926,3555,120,325,120,318,游戏,手机游戏
民进党首次承认“养网军”,小央视频,213885,213885,15554,15554,1063,1063,1172,1172,376,376,资讯,热点
都说我长的像曹贵人，终于拍了,七颗强子,213394,568201,15048,40385,558,1279,92,541,406,1013,生活,搞笑
你敢挑战极速弯道水滑梯吗？整个过程非常刺激！第一视角带你体验,,213205,1694786,384,2286,3914,21451,0,125,56,398,运动,运动综合
你的呕吐系统，设计得有多垃圾？,李白尼的猜想,212768,1372729,14485,98714,2082,12483,268,2670,2679,18010,知识,科学科普
曝外地学生返乡被防疫人员索取隔离费，工作人员：是上级口头通知,,212728,212728,16413,16413,1194,1194,618,618,979,979,资讯,社会
当你假扮NPC失败就会「死亡」!!？,马里奥红叔,212699,959536,6039,88212,5668,16687,30,920,1254,15988,游戏,单机游戏
当 代 热 门 网 络 视 频 现 状,进击的金厂长,212229,2449824,15779,239426,3946,55974,777,11909,13888,183457,动画,综合
《口红离管之谜》,番茄多_唯优色彩,212190,567668,18177,58332,863,2315,33,193,75,284,时尚,美妆
臀桥打卡~第一次189个挑战,想塞满_Purse,212168,274582,3935,4824,3131,4059,173,286,866,1008,时尚,健身
当up在校运会上唱起《孤勇者》并跳起了《爱你》| 南科大2022校运会开幕式力量举社表演,大勒熊,211995,10487474,12667,799399,1769,98407,96,5298,2702,132982,时尚,健身
形势突变！mid虎和卡萨转会WBG，银河战舰起飞，doinb:灯皇确定WBG,无畏镜中人,211370,358142,2706,4890,72,150,668,1240,432,810,游戏,电子竞技
宣美化妆师有多牛？让我变身欧洲油画少女爱豆,知名相声演员BBBBB大王,211112,436104,12897,35069,1842,4456,263,1089,2115,5888,时尚,美妆
你以为是一个纸箱，其实里面有个小孩,大锤RUNKMD,210021,274278,19008,23253,782,1050,209,489,98,219,汽车,汽车生活
把橘子和毒液一起蒸了,神奇海挪,209915,442261,18188,47067,680,1853,202,992,1995,6065,美食,美食制作
? 3.3 玩 家 现 状 ?,冰糖小,209618,453732,31314,65844,7494,13391,178,607,11411,23725,游戏,网络游戏
国服垂直夜 05丨无畏这次，帅的很明显，尬的很直接,上汽大众,209586,366695,9375,19073,1575,4390,446,2164,1626,6031,游戏,电子竞技
《原神》3.3版本PV：「六入尽明，诸相皆无」,原神,209433,3367952,6524,230520,2075,45545,541,18128,2340,68150,游戏,手机游戏
恋爱脑真下头,小名叫建伟,209191,3075092,19504,274204,2941,40375,199,3764,1217,14038,生活,搞笑
不但侮辱买家智商，更是侮辱买家人格！,小暴养龟说,208933,233778,2397,3094,119,157,145,224,56,112,动物圈,爬宠
原想在新同学面前炫耀一番，不料他的真诚打败一切阴阳怪气,开心锤锤,208869,1759472,1324,9554,11,5265,2,40,17,237,动画,综合
以为男孩是不良少年，不料关键时刻他的做法让所有人致敬！影视①,,208769,1746375,171,1438,1249,9748,0,3,22,177,影视,影视杂谈
全联盟最难平衡的辅助，为了将他赶出单人线，设计师花了4年！,黑科技带师阿灰,208568,275665,10780,13093,396,489,420,732,186,247,游戏,电子竞技
看球一定要准时！,英超联赛PL,208437,208437,6271,6271,178,178,40,40,20,20,,
可以自动给客人带上套的自动套鞋机好用吗？,,208258,268979,6136,9648,279,450,204,368,63,94,生活,日常
获得了操控姐姐的超能力,绝不早到小吱吱,208185,637944,4451,19821,1095,3524,232,1044,294,1583,生活,日常
道 理 论 证,清影的扭曲实验室,208025,500037,13440,32528,2451,5689,400,1131,1234,2883,生活,搞笑
《当粑粑人遇到了扎克》,老龙女和扎克,207310,434967,22934,52031,917,1982,82,308,466,1254,游戏,电子竞技
金毛,萌宠宠物推荐官,207228,412234,13502,20354,600,842,128,242,97,176,动物圈,汪星人
【奥特吐槽】我们是黑暗三人小队！！,FOKI咖喱波特,207159,802985,12400,66274,7163,23585,104,917,1481,7276,动画,特摄
"两斤酱牛肉，白酒对瓶吹，干饭人的快乐很简单",田野上的繁荣,206674,745494,7548,37581,248,1308,166,1050,1447,6303,美食,美食侦探
好彩无借力，何以落九天,朱铁雄,206568,669060,39007,123278,6825,20471,232,968,12441,38764,影视,短片
羊村（1）,,206238,7814133,7145,658450,2312,223655,76,16600,4704,431995,生活,搞笑
韩国世越号沉船真相到底是什么？这绝对是新世纪十大未解之谜之一！,李三金Alex,204557,204557,33378,33378,2899,2899,685,685,2439,2439,知识,社科・法律・心理
“给你的爱一直很安静。”,九三的耳朵不是特别好,204419,782481,6514,37384,1878,9250,195,1437,2881,16841,音乐,翻唱
感谢我不懂球却愿意陪我通宵支持阿根廷的女朋友！！还给我准备惊喜，一个阿根廷不哭，一个恭喜阿根廷??,BOANIE万洁,204133,238936,13110,16559,631,742,103,132,348,385,生活,日常
罗马数千名女权活动家要求消除性别暴力,凤凰新闻,204096,204096,10617,10617,602,602,464,464,84,84,资讯,环球
原神|人在现场，节目效果拉满且溢出,小86-原神,203647,272787,27775,36164,2266,2740,124,303,917,1290,游戏,手机游戏
【半佛】为什么小摊总用尖叫的瓶子装调料,硬核的半佛仙人,203033,1090930,7138,54200,603,4729,258,1982,939,5160,知识,财经商业
家人们打了唇钉就别养鸟了,大崎茄茄,202944,227221,18445,21361,1152,1254,66,112,117,166,,
警花测评：警用电击枪威力有多大？一米八小伙的腿都软了？,警花说,202755,1484097,8626,115465,1449,8370,91,1716,102,909,知识,科学科普
“今天是和恶龙抢公主吃的小魔女”｜小说氛围感,Li十七呀-,202131,285530,36819,55282,7376,11834,192,329,637,947,生活,日常
东北唬 唬牌 11月23日 第二更,九转肥肠丶东北唬,201635,763034,0,31061,17,1756,67,289,0,1018,游戏,桌游棋牌
某女仆的教育资料,局长きょくちょ,201538,201538,22143,22143,2773,2773,803,803,2811,2811,生活,绘画
《 手 臂 夹 鸡 蛋 》,记录小生活的蛋黄派,201480,541056,23895,69638,618,1431,89,474,164,860,生活,搞笑
【水果猎人】鉴定热播剧里的蜜拉圣果，能化苦为甜？,杨晓洋的水果世界,201281,467062,25405,61449,563,1470,230,718,471,1345,知识,科学科普
这条视频成本过高！不建议模仿......,z做我的猫i,201259,201259,14612,14612,509,509,89,89,145,145,生活,日常
盘点国足名梗名场面！看完你就知道为什么那么多人骂国足了！,LexBurner,201167,1401167,7368,79834,1093,12208,1,476,2154,27351,,
挑战成为一只世界杯吉祥物,短腿的帕格尼尼,200871,3667562,14958,310171,2672,50790,166,1599,1006,16714,动物圈,喵星人
《 白 蛇 的 替 身 小 卖 部 3.0 》,不寻常的阿尔,200533,826497,14242,98275,6265,25866,41,457,1732,11969,动画,短片・手书・配音
店里卖1588的招牌菜，自己在家做，居然只花了。。。,绵羊料理,199108,3607634,10283,350113,2502,42697,46,2396,8255,229447,美食,美食制作
被丧尸包围，只有一颗子弹怎么办？,卡子哥Game,199071,1138695,10992,76107,911,6438,85,685,110,492,游戏,单机游戏
你管这叫守家！！！――马超插秧的第1202天,一只白色QvQ,198636,198636,21866,21866,506,506,216,216,1629,1629,游戏,电子竞技
迷你世界：三毛女装露脸？有人冒充三毛露脸，还冒充过汉堡！,流浪的三毛丫,198507,409198,824,1606,7310,16467,17,42,109,223,游戏,手机游戏
王者野区大改版！红鸟变成只因！新增赤甲怪！地形调整熊变成猪！,包子入侵SSR,198329,198329,8210,8210,263,263,1144,1144,90,90,游戏,电子竞技
顶级特工用大公鸡射死一名敌军,船长电影解说,197924,1319230,7572,24365,1550,15324,8,48,70,306,影视,影视杂谈
蓝衣战神大战网红甜歌 女混混干架综艺后续来了,小北格斗,197784,226433,19121,21835,4339,5293,64,103,158,208,运动,竞技体育
张嘉倪老公被曝出轨 渣男团再添一员！,动物园会议,197605,388935,8462,20079,499,1182,269,760,688,1515,娱乐,娱乐杂谈
当你的家里来了一只小鸡毛是什么感觉？,英小政狗狗说,197342,300459,35932,56227,2451,3641,67,95,183,259,动物圈,汪星人
遭遇御姐疯狂表白，天成被迫开启变声器，结果尴尬了！,天成说游,197090,779914,291,1235,3229,12732,-1,4,15,105,游戏,手机游戏
这种剧毒河豚鲸，一生只能享用一回，你想尝尝吗,,196993,996926,212,3522,586,2417,0,3,28,123,,
不敢喝啊，这个东西绝对有问题啊,智勇双全富贵君,196923,3317510,9418,188609,1465,36587,130,2889,871,18130,生活,搞笑
点进这条视频，你就离脱单更远了一步,l大柴,196816,196816,16623,16623,391,391,322,322,444,444,影视,短片
【传染病简史1】霍乱：屠戮过亿，将人活活吸干的蓝死病,医学科普联盟,196789,4510962,15575,404815,2798,77172,-234,3517,9896,270378,知识,科学科普
方便面中的“热量炸弹天花板”！5分钟学会，奶香十足！丨奶汁海鲜方便面,老饭骨,196630,196630,15262,15262,3559,3559,395,395,2084,2084,美食,美食制作
杀人犯整容成陌生脸，在逃20年，谁料喝酒时却被刑警一眼识破,,196459,3604784,77,29437,304,4953,0,250,17,367,影视,影视杂谈
「科技美学测评」vivo X90 Pro+测评体验 | 自研V2芯片 双芯旗舰影像 联合蔡司打造,科技美学,196323,196323,9238,9238,679,679,1090,1090,743,743,科技,数码
一周后，深挖网易暴雪分手事件真实内幕，后续可能，国服玩家何去何从？,托比昂首挺胸,195446,758685,10710,51493,2218,10910,472,2256,7391,37224,游戏,电子竞技
我说的vs老婆听到的（史上最真实版2.0）,骚男丶注意马叉虫,195226,195226,20140,20140,684,684,300,300,1661,1661,生活,搞笑
打麻将吗，牌越打越少的那种,解忧黄金回收,195202,741807,2863,8530,143,495,27,148,26,89,生活,手工
今天没有自律，道歉！,,194957,631457,19879,67419,215,800,137,810,431,1652,时尚,健身
【10月】孤独摇滚！05【独家正版】,,194879,669619,3788,24629,25,96,180,1786,2552,12076,番剧,连载动画
南方人小心！寒潮马上冲击暖湿大本营，冬夏对战后隆冬即将胜利,,194589,194589,17722,17722,737,737,1796,1796,1941,1941,知识,科学科普
身法末影人,Minecraft二圣,194301,539172,791,2178,5327,11413,-1,13,36,95,游戏,单机游戏
末日预言、鸟粪法案、救世魔法、毒气战??教科书上一带而过的「哈伯固氮」原来还有这样隐密的剧情??|自说自话的总裁,自说自话的总裁,194197,194197,14148,14148,2470,2470,510,510,2463,2463,知识,人文历史
太理对阵北化，半场落后十分，尹教练对球员的训话，压迫感十足！,小黄CCalm,194114,458816,4071,7426,119,257,122,297,10,36,运动,篮球・足球
本届世界杯最快进球诞生！阿方索开场1分钟破门加拿大梦幻开局！,咪咕体育,193923,193923,2242,2242,148,148,519,519,29,29,,
【女生必看】新型拐卖骗局！人贩子到底有多猖獗？帮助老人？深夜拼车？面试工作？,付曦冉,193837,662264,5576,42053,14328,24043,194,2192,1636,13337,生活,日常
新床垫,小蓝蓝plus,193652,775775,5794,29706,4190,17214,246,1136,620,4177,生活,家居房产
今日无事，勾栏听曲,国风驿站,193210,853670,5924,35715,3058,18361,85,458,1312,5279,舞蹈,舞蹈综合
这样的室友真的很丢碾。,,193072,398892,3874,9543,223,640,20,86,40,92,影视,短片
悄悄问圣僧，烤羊排吃不吃,凉子的日常,192850,246886,20000,27059,828,1063,71,163,113,174,美食,美食记录
被阿根廷足球流氓抢座位！这素质，欺负我们人少是吗？,Flora洋叮叮,192272,331187,8250,13557,439,780,577,1770,227,562,,
疯油精，全款拿下,王七叶-,191653,4376215,26429,715058,2828,61927,170,5584,2516,56769,生活,搞笑
追  踪  导  弹  ！【C4快乐阴人流#35】,鲁大能,191644,611365,14742,62395,2509,7356,121,788,4465,18966,游戏,网络游戏
AD辅助共用一个大脑,热气AD,191579,412429,13192,40290,226,703,115,354,421,1788,游戏,电子竞技
你努力状态下洒下的汗水绝不负你！,SAN剪,191258,997609,3801,59723,7030,28547,1,100,722,2179,影视,影视剪辑
我家猫丢失后，在外面混的风生水起，花天酒地！,萌宠指南,190693,217522,21689,24706,1470,1614,227,304,247,279,动物圈,喵星人
原来给富二代当家教是这种体验，长见识了,是闲人张三啊,190682,190682,21187,21187,2048,2048,393,393,166,166,生活,搞笑
特邀愧疚区美食评论员,岛城三人行,190344,280499,25520,36286,1079,1532,108,246,141,260,生活,搞笑
韩国动物园狮子咬死老虎，是否狮子比老虎厉害呢？谁才是百兽之王,海南大漠叔叔,189887,225023,2489,2792,147,166,492,605,0,61,动物圈,野生动物
没想到吧，哥们又活了！搞笑解说世界杯西班牙1:1德国,shhaady,189863,189863,5691,5691,324,324,771,771,481,481,,
“八十年前的话，现在听起来多么讽刺”,wrizedm,189454,2506480,11819,191523,7070,103345,35,855,2994,44065,影视,影视剪辑
梅西无解远射，恩佐世界波！阿根廷2-0拿下墨西哥，重获出线主动权,司马尘,188385,805441,3886,30684,299,1999,66,1238,460,6330,,
男生的各种超能力，男生还有哪些钞能力？#内容过于真实#搞笑#段子#场景#超能力#钞能力,俺叫玛克希姆,187968,1267057,16619,112998,1262,8675,55,301,57,366,生活,搞笑
太意外了！27日一大早！荷兰宣布：售华光刻机！拜登三次致电全部拒接！原因曝光震撼全中国！,六六历史工作室,187853,207995,2908,3344,134,152,310,348,31,42,科技,工业・工程・机械
就是最强 没有之一,一只玄九尘,187174,187174,22722,22722,1723,1723,313,313,933,933,知识,人文历史
做梦都不敢想的分宿舍方式,孙宁伽Nicole,187084,466479,12332,32603,339,799,200,387,31,82,影视,短片
体验一天C罗的饮食！,戴马力Marley,186710,623885,9455,36616,988,3620,280,1135,288,1190,时尚,健身
赵云：免伤90%秒回800血？我要无敌了！,我真是朱有才,185504,300428,4837,11031,1173,1871,303,567,210,347,游戏,电子竞技
这小狗嘴都歪了,鱼仔是真的狗,184669,184669,19772,19772,291,291,261,261,126,126,动物圈,汪星人
芝麻油饼难以下咽，馒头米饭满天飞，这是八路军战士？,走红解说,184358,1204620,21298,55367,1756,4772,171,2556,201,1215,影视,影视杂谈
中国人不愧是地球gai溜子，好像出国了但又没完全出,洲娱说,184038,2175961,1810,43526,2850,21996,7,520,185,1634,生活,搞笑
健身10年无人知，妹妹露脸万人来，隔离第16天,张十七历险记,183787,8344012,5006,318431,214,15862,35,4532,647,50195,时尚,健身
满级人类！今天你进化了吗？满级电报员！,阿羡搞笑,183448,3105400,1990,31357,7986,184316,10,20,604,8637,生活,搞笑
埃尔法&岚图对撞测试，撞没了丰田的遮羞布，埃尔法愧对百万售价,极速车市,183379,234427,8486,10977,196,310,228,389,52,86,汽车,汽车生活
爆超小菲比五人组解锁幸福战神，一场终极大战即将开始！,,183141,476797,6896,24004,567,1639,130,636,426,1390,,
还记得那年匆匆的我们。,我叫毕语航,183089,329055,14569,27790,2230,4266,208,540,1292,2826,音乐,演奏
心情不平稳思维混乱想象力枯竭的时候  来试试布朗噪声的效果,夹个蛋,182832,1237838,17342,130960,8624,66046,134,936,1139,9034,生活,日常
女孩高考成绩221分，却收到清华录取通知书，不料被父亲一眼看破,,181888,3141782,149,27411,924,13804,0,402,20,495,影视,影视杂谈
用缆车通勤很奇怪吗？乘坐一次玻利维亚城市缆车只需要3块钱 #玻利维亚 #缆车 #全球城市,,181357,181357,16864,16864,892,892,274,274,58,58,,
极度治愈冰糖橘子，这样的砂糖橘你能炫几个？,菜男烧小菜,180716,1693870,13699,131186,2841,24572,72,862,168,1076,美食,美食记录
怎么突然就起….飞了,李俊每天都在天上飞,180652,2491287,5212,93137,446,9331,32,402,46,899,运动,篮球・足球
捅破天的技术原来只要 10 块钱,先看评测,180594,180594,13052,13052,1918,1918,861,861,5775,5775,科技,数码
夜帷与战斗力爆表的约尔首次对决,拾肆动漫解说,180497,201608,14604,15356,1358,1421,127,168,88,99,动画,
把水蛭扔进502胶水里！会发生什么事？,明哥奇趣,180420,1473159,3183,32692,260,1960,82,1010,133,852,知识,科学科普
mtv戏耍迈克尔杰克逊领奖，从此与MTV分道扬镳,MJ群社区,180178,363281,4198,8187,55,156,34,77,16,39,娱乐,娱乐杂谈
未来的mc酷不酷,mcxxxxxxoi,179981,1231940,7064,45469,676,4288,41,349,30,242,游戏,单机游戏
女人永远不懂男人！,吕长隆,179721,643843,8981,40284,315,1158,386,1424,262,903,影视,短片
国产开放世界动作《百面千相》一小时实机直播全程,3DM游戏网官方,179169,179169,4151,4151,625,625,2161,2161,186,186,游戏,单机游戏
Roblox彩虹朋友：怪物全体出动，全员无人生还！,团团GOGOGO,178904,833813,66,386,666,4149,0,0,20,53,生活,日常
下次就算泥塘里有黄金～我都不下去摸了！,,178886,3007703,12929,278419,1836,24184,63,1034,604,10558,生活,搞笑
邦邦几拳下去，眼神瞬间清澈多了,汤圆妈妈笑哈哈,178881,178881,10106,10106,1624,1624,829,829,389,389,动物圈,汪星人
【4K60FPS】夏奇拉《Waka Waka》世界杯神曲！群星云集的年代！,音乐私藏馆,178803,3589896,5550,151583,3365,66365,221,5409,734,20687,音乐,MV
她甚至顶不住约尔一网球，心态崩了！,米蛙的电娃,178792,237301,3222,4095,199,258,142,183,23,32,动画,综合
"""刺杀""绵羊料理……",-欣小萌-,178744,1262483,9993,92301,700,6725,138,2304,2272,19455,生活,搞笑
好的咖啡一定要很酸吗？,咖啡苏晓生,178247,437185,4551,11698,402,924,355,837,21,59,美食,美食侦探
我喜欢你，长得像你不行，性格像你不行，不是你就不行。,动漫推荐i,177566,4555187,351,6973,1183,37756,4,32,56,929,影视,影视杂谈
小蹭一波！有那味了吗,老琴格温,177548,643343,10823,48573,271,931,126,511,386,1486,游戏,电子竞技
准备了25年，56岁的航天员邓清明终于等到了！,人民日报,177166,177166,33668,33668,1634,1634,569,569,2460,2460,资讯,热点
这届大学生为什么这么老实？,电竞小平太,176988,559285,11886,40022,4070,13157,1178,3737,7381,24868,知识,校园学习
烤肥牛 将就吃,快乐烧烤屋屋长,176541,760959,14415,69555,528,2401,92,952,864,5157,美食,美食记录
《 东 北 私 房 菜 》,李哥我饿了,175898,453036,17328,55073,892,2676,69,349,245,1031,美食,美食记录
【悟空】从三蛋三倍辣火鸡面煎饼，到三蛋三倍辣火鸡面烤冷面,悟空和他的煎饼烤冷面,175834,3302832,3259,58970,220,3992,21,332,45,667,美食,美食记录
爆超二人组接连博奇，解锁了飞艇的终极格斗形态！,,174979,1086217,15979,62831,2031,7617,44,922,456,3260,,
你怎么打游戏还开脚本啊？,诸葛皮皮是帅哥,174961,281120,16852,31778,592,1045,167,385,94,240,影视,短片
陈翔六点半：爱情终结技能,,174933,174933,13578,13578,205,205,356,356,630,630,影视,短片
《梦幻西游》电脑版2022嘉年华锦衣祥瑞――《山海经》灵感主题PV发布！,梦幻西游电脑版,174854,474288,1243,3264,197,497,27,77,12,44,游戏,网络游戏
蒋介石曾孙蒋万安当选台北市长,,174802,260744,6478,9914,457,782,104,213,69,108,资讯,热点
【亚瑟王】拥有鼓励的力量反杀是必然的！极限操作集锦第二期！！！,我可是亚瑟王,174624,261729,5991,11825,190,350,89,219,52,169,游戏,电子竞技
中国队夺冠卡塔尔世界杯的珍贵纪录片,人类早期驯服,174621,1292934,9696,82145,2889,18838,257,3829,4213,26045,生活,搞笑
骑行流浪川西，住进地下涵洞，收拾一番涵洞变成完美庇护所,徐云流浪中国,174575,174575,19943,19943,1657,1657,1346,1346,15260,15260,,
中国留学生“杀疯了”？国外课堂上一唱成名，台下瞬间沸腾了,下饭音乐,174500,949367,4791,24096,1313,9758,37,128,98,553,,
摸到了只企鹅，到底是什么手感呀,浙江省小动物保护协会,174402,1379919,6540,88566,1129,13066,142,1164,56,536,动物圈,野生动物
我的世界：循环第六集，终于把妹妹救出来了，是不是要结束了？,阿威游戏,174186,481935,234,762,1779,5292,1,22,67,173,游戏,手机游戏
要去虐职业哥了！各大解说看LML夺冠！Letme带头看清算莎莉，香锅全队激情呐喊！,联盟抗压王,173804,173804,2673,2673,93,93,545,545,300,300,游戏,电子竞技
漫画家的恩怨？one老师的新作是证明？还是反抗？最终正统会鹿死谁手！,苍炎双星,173318,362579,4444,10235,971,2524,722,1600,207,481,,
张飞的礼物,久嘉趣玩,172186,2050774,6660,81761,1478,12273,65,999,82,835,知识,设计・创意
【原神】平民的希望！不抽必后悔！3.3角色抽取攻略/流浪者/散兵/雷电将军/雷神/神里绫人/荒泷一斗,,172036,257022,7463,14449,708,1071,1778,3270,1213,2315,游戏,网络游戏
随机挑战！2元怎么吃竹筒饭？怎么搞成荒岛生存了…,一只黑Q,171996,2266398,354,6719,1627,16354,0,144,61,994,美食,美食记录
德国队比赛前为啥要捂嘴巴？,侃哥侃英语,171032,455512,9309,35120,541,2025,275,1111,80,312,知识,校园学习
在山里就随便吃点海鲜将就下，也就波龙皮皮虾象拔蚌什么的！,孤独美食咖,170491,381750,17124,39740,569,1264,141,420,473,1524,美食,田园美食
终于找到了正确用法,左手玩FPS,170458,1097651,17173,141491,2916,20910,119,858,338,1614,游戏,网络游戏
看看大学生如何生活,,170457,3244939,11269,242806,1385,26484,103,3217,229,3888,生活,搞笑
全网最废手机的摄影达人！经常失误损坏手机！却拍出精美大片！,老沙说网事,169698,664748,95,3902,719,1500,0,70,7,57,生活,日常
"“吃下这颗，我们就能永远在一起了哦”?""阴阳师",揽风_,169409,376099,7665,17856,995,2453,69,186,80,156,游戏,GMV
没有元素反应，原神的数值和新角色都很难做啦！游戏开发角度~,亚食人,169318,169318,21319,21319,1731,1731,1970,1970,2359,2359,游戏,网络游戏
国产甜剧《我的秘密室女》时空融合的同居生活，这也太神了,123号影视剪辑,169249,1189916,222,1043,1638,8126,0,8,32,115,影视,影视杂谈
一旦纯水玩家被无相火  惹！毛！了！会有怎样的后果？,风来也Fly,169233,384915,6216,16470,94,332,163,542,29,84,游戏,手机游戏
特价切尔西,罪恶岛市,169061,3489273,10687,233819,2502,59965,38,1450,1314,23295,鬼畜,鬼畜剧场
原 来 这 是 防 御 模 式,星有野,168739,1688398,15747,174540,2160,18484,260,4065,1957,23899,动画,短片・手书・配音
我的世界方块轩动画之魔法怎么失灵了,方块轩呀,167632,1353148,748,11827,4101,24408,-6,57,59,322,游戏,单机游戏
李雨晴妈妈看见妈沫都得绕道走。,河马君,167375,379218,12853,34816,214,576,40,185,71,226,生活,搞笑
ITZY最新回归曲Cheshire MV预告公开,,167369,260241,8256,14245,832,1413,451,1073,388,848,音乐,MV
当外语歌翻唱成中文，瞬间拉胯，而中文翻外语却首首封神！,蘑菇头音乐,167182,824272,1499,9045,7794,45374,0,28,174,956,音乐,音乐综合
“我们怀念什么，失去的那一刻才晓得.”,允星河Yoseya,166947,166947,23797,23797,2040,2040,264,264,1842,1842,动画,短片・手书・配音
【赝波行动】12人强杀危机等级36 赝波翻涌战旗扬，荣光辉耀潮汐平,莱茵实验组,166612,166612,20653,20653,3272,3272,1027,1027,7721,7721,游戏,手机游戏
?嘟咕嘟咕哒噶嘟咕嘟哒哒嘟咕嘟哒哒嘟咕嘟哒哒?,枪弹轨迹,166454,1508724,7775,104679,1561,15004,44,819,845,8683,鬼畜,鬼畜调教
之前存货，最后一次回味老厨房，简简单单吃点雪蛤！,,166274,166274,15738,15738,290,290,282,282,315,315,美食,田园美食
盘点全网六大潮流男神，你认为哪个帅？,小陈友友6065,166271,2472447,158,2770,1873,36419,0,58,20,354,时尚,服饰
黑化的狐妖小娘子聊斋之《恒娘》！美嘉难得的古装剧~,虫哥说电影,166244,465311,7673,30080,223,1663,-60,957,1176,4044,影视,影视杂谈
中式rap,铁骨曾曾1116,166229,2363263,19389,305753,3951,59631,226,4029,2141,24960,生活,搞笑
假面骑士的“末日”到了,ChenZhangJieb,165359,2730258,4650,79093,722,9511,18,237,168,1465,动画,特摄
小行星要撞地球，人类该怎么做？【奇怪的知识】,上将王司徒,165226,165226,18261,18261,1179,1179,719,719,1304,1304,知识,科学科普
切 尔 西 捉 鸡 大 队,旅冰,165038,1367526,10026,107843,2774,26870,34,540,879,7996,鬼畜,鬼畜剧场
卖猪肉到底有多少利润?一头猪能赚多少?,李想要理想呀,164999,2017197,15115,168343,1088,11530,192,2364,5335,56865,生活,日常
因美国男足使用错误的伊朗国旗，伊朗向国际足联上诉。伊朗媒体呼吁世界杯开除美国队。,中国日报网,164913,164913,3572,3572,205,205,10,10,31,31,资讯,环球
在顶级日料餐厅吃脆皮乳猪，一口香浓十分过瘾！,渣叔爱酒,164893,355691,13770,37964,893,2694,111,367,5733,14792,美食,美食侦探
我毕业啦,犬卷日鞠-官方WACTOR,164248,164248,13748,13748,2218,2218,2404,2404,2561,2561,动画,综合
刀削面和世界杯更配喔～,巴黎小郭郭,164212,164212,22918,22918,429,429,221,221,411,411,生活,日常
你想成为什么样的人，全看你自己的选择,,164126,501433,4784,13819,7763,17893,4,44,570,1262,影视,影视剪辑
石头人：鼠标吸附算啥 这诺手直接身体吸附,,164101,164101,13248,13248,177,177,213,213,348,348,游戏,电子竞技
实现淀粉肠自由，85买一整箱，在家自己炸，实惠又过瘾！,花都兄弟,164027,164027,7362,7362,218,218,421,421,581,581,美食,美食制作
【我的世界搞笑】第12集：寻找只因哥！――――朵蛙历险记,我的世界蛙哥解说,163574,928214,1202,26062,5739,29027,13,717,228,1148,游戏,单机游戏
假如四郎看了《请回答1988》，加长版来啦,奶茶小肥仔,163428,334941,15000,32982,1151,2223,183,578,2439,5885,音乐,原创音乐
“毒药”又来了，生腌生猛梭子蟹，一口入魂，越吃越上头,小文哥吃吃吃,163301,606909,11204,52690,380,2184,135,946,2314,9333,美食,美食制作
【热男】vivo X90 Pro+：就你很能拍是吧！？,HotGuys,163276,163276,17653,17653,2170,2170,375,375,8585,8585,科技,数码
用cK鱼还原魔兽料理美味风蛇！异灵术：长成这样也蛮不容易......【佳伟今天吃什么-ep35】,牢头养猪记,162914,162914,17066,17066,1602,1602,612,612,12158,12158,美食,田园美食
宵夜的火锅最好吃了，其次是早饭的火锅,午餐肉艺术家葛世贤,162626,162626,16636,16636,335,335,193,193,353,353,美食,美食记录
一家人马路上散步，司机按喇叭提醒被大妈拦车狂喷！【955期】,车祸警示录,162565,162565,7444,7444,651,651,369,369,743,743,汽车,汽车生活
狗熊岭之谜即将揭晓...就在2023春节！～,熊出没BoonieBears,162260,2130558,17979,299360,2649,42598,191,2729,815,9795,国创,国产原创相关
比迪拜还豪的地方？格局打开！,,161996,332720,14751,32225,604,1383,175,489,242,674,生活,搞笑
居家画了个juan！心情大好！！！！！！！,达达达布溜-,161969,161969,17981,17981,694,694,497,497,1605,1605,生活,日常
这段刻进DNA的旋律，全程只有一个字！网友：一张口便是壮美山河！,共青团中央,161307,246552,15790,30714,1637,2587,452,823,885,1496,音乐,音乐综合
一支普通的马克笔，就足以让人治愈！,龙吟读画,161270,1998895,8876,139986,1266,17664,61,702,154,1700,知识,人文历史
当 代 热 门 网 络 小 说 现 状,,161048,581228,12006,59066,2507,11323,416,2077,5377,22877,动画,综合
卡塔尔世界杯的阴暗面,财经小辉辉,160941,288140,8968,16732,540,1153,290,688,143,339,知识,财经商业
我又找了一堆UP重考科目二，公布成绩的时候我震惊了...,中国BOY超级大猩猩,160910,1313651,9177,123025,1198,15330,93,2375,2222,31420,生活,搞笑
叫了螃蟹一声哥，吃起来多了不少甜头！,,160658,467054,16075,57050,342,1276,49,323,170,660,美食,美食侦探
聚焦三农丨“静默”下的货车长龙,中国三农发布,160648,160648,10941,10941,995,995,612,612,5562,5562,资讯,社会
预算十元，十道打工族必备月末贫穷料理，拮据的日子我要放开吃,泡厨房的顾小胖,160044,902950,7699,47595,9862,58031,220,1581,5079,27151,美食,美食制作
"【原神】快做好这些事！3.3上线直接起飞！雷神，散兵，绫人，一斗最快毕业方法！",自由大野猪,159788,159788,15573,15573,1659,1659,293,293,3702,3702,游戏,手机游戏
外卖小哥：我可以吃几个鸡翅么？,笑点有点低哦,159755,1136353,265,4537,352,2371,0,23,15,87,生活,搞笑
男子隔空喊话户外攀岩爱好者，使用钢钉及时处理，防止其他游客发生意外,直播日照,159741,159741,1989,1989,56,56,75,75,22,22,资讯,社会
炫彩机师最贱玩法，伤害不高侮辱性爆表,粤鱼up,159602,667224,346,3375,1861,7352,0,9,24,142,游戏,手机游戏
【牛B】重生为母报仇！掌控韩国政坛！ 《财阀家的小儿子6》,大蓝雀,159339,159339,8179,8179,473,473,514,514,1538,1538,影视,影视杂谈
摩洛哥击败比利时后布鲁塞尔发生骚乱：汽车被烧、烟花四散,,158957,158957,13093,13093,231,231,506,506,31,31,资讯,环球
正 襟 危 坐,LESSERAFIM_炽采,158836,318169,6327,18442,1317,3561,301,696,69,214,娱乐,明星
篮球，也需要时刻注意优雅！,韩波格_,158779,1601560,17768,192774,1954,20180,169,1269,498,4130,运动,篮球・足球
我的鸽子是个社交恐怖分子,江风有耳,158775,158775,17160,17160,1303,1303,620,620,2558,2558,生活,搞笑
【罗翔】倒卖三星堆文物该怎么判？,罗翔说刑法,158425,1652668,1854,109143,-22,5220,107,3126,416,15802,知识,社科・法律・心理
河南焦作挖出吕布真墓，出土真实版方天画戟，专家：我们都被骗了,纪中百事,158371,532945,1497,5744,74,267,395,1111,19,73,知识,人文历史
一口气看完猪猪侠之《幸福救援队》，广州队长我滴超人！,,158066,158066,11454,11454,1377,1377,512,512,1324,1324,,
车被堵了用这方法来的比兔子都快！,汽车大师,158049,659973,3006,8373,600,2050,78,321,47,172,汽车,汽车生活
THANK YOU VIPER,EDG电子竞技俱乐部,157845,455317,7426,29637,1288,5610,460,3144,3109,13448,游戏,电子竞技
【夫赖峡谷】对面是懂bp的，恭喜他们找到了唯一的输法！,虎牙赖神,157813,157813,12857,12857,240,240,274,274,275,275,游戏,电子竞技
cheems，变的是你嘴里的味觉,Cheems降临,157753,1836873,6453,156123,4326,47114,46,1040,523,7077,动画,短片・手书・配音
毛肚本来的样子。这是一顿有味道的火锅！！,,157645,3741809,5857,190287,449,10625,51,1395,168,5220,美食,田园美食
【禁闭者装束影像】白逸 | 凛锋夜行,无期迷途,157528,157528,11580,11580,872,872,1496,1496,1520,1520,游戏,手机游戏
lol最强阵容：1亚索+4石头人！R键已扣烂！,,157299,157299,7537,7537,235,235,430,430,129,129,游戏,电子竞技
法律咨询，5块一次,俏佳人xxx,157000,1156787,19675,174068,774,5165,119,1545,737,5149,生活,搞笑
Love dive,百变杰哥,156987,305710,16756,35848,828,1679,206,526,1257,2693,舞蹈,舞蹈综合
上次煎饼果子加了30个鸡蛋，应网友要求，这次挑战个更难的！！！！给老板吓坏了！！！,静静吃不胖河南版,156954,1052353,6601,38398,212,1628,52,493,38,299,美食,美食测评
临走前再给奶妈做一次蛋糕，这次就用奶奶家里的东西来完成！农村老家都能做的蛋糕，你一定能搞定！,雪琦妈妈烘焙,156587,266966,21566,38432,7719,14051,177,375,1102,2241,美食,美食制作
1-1！德国逼平西班牙,,156563,156563,11878,11878,211,211,549,549,89,89,,
我的世界：真实物理模组2，深入地心洞穴，误入远古城市,nor叔,156530,295100,2392,12445,4023,5871,21,189,381,2540,游戏,单机游戏
新头像海盗狗的来历,,156527,600076,15711,57898,252,984,100,972,316,1383,,
外媒：20个北约成员国已为乌耗尽武器库存,,156442,156442,13732,13732,645,645,1639,1639,82,82,资讯,环球
我们飞了10000公里！探秘巴黎地标，埃菲尔铁塔餐厅！,Meetfood觅食,156413,1407506,9822,133260,1521,11029,95,2521,3209,45210,美食,美食侦探
停服的游戏居然卷土重来，男主打算重新成为世界第一！,,156350,4163849,450,12681,1892,61304,2,50,198,3954,国创,国产原创相关
凌晨我的电脑出现加菲猫图标，打开的那一刻我后悔了！,影舞刘奇Ak,156283,807019,702,3740,4264,20935,0,32,122,636,游戏,单机游戏
烤肉用的硅油纸会致癌？,大雷的食品科普日常,156149,1614161,8725,121732,1093,9575,108,1789,148,1568,知识,科学科普
卡塔尔出局后球迷急了！明天就办闭幕式 你们爱去哪踢去哪踢,红星视频,155847,249689,9126,15522,487,748,135,368,22,40,资讯,热点
直接扑过去强吻！这喘气声李峋你憋很久了吧 啃的好用力◎陈飞宇×张婧仪◎打火机与公主裙◎李峋×朱韵◎点燃我温暖你｜命韵峋环,_咬一口水蜜桃,155786,239273,5637,9351,1998,3401,101,207,660,1128,影视,影视剪辑
你好像在问一种很新的东西,山东消防,155640,1177872,5074,48370,226,2262,289,944,50,281,生活,搞笑
惊险刺激的死亡弯道水滑梯，第一视角带你前去体验！,,155273,876097,92,410,1123,3894,0,9,7,48,运动,运动综合
Nature Medicine―新冠后遗症新发现：新冠肺炎绝不是“大号感冒”那么简单,我爱神经科学,155185,722221,2674,10059,1226,4470,1134,5690,687,1992,知识,科学科普
悲壮！武松断臂！百战英雄士，生平志未降！《水浒传》P48,木鱼水心,155146,665836,14127,104364,2109,16877,705,4028,13575,92364,生活,日常
让你学习你全在内耗？,李龙刚刚娃儿,154998,231753,13177,21594,7316,12030,256,661,3396,5458,知识,校园学习
锅铲,逃跑吧少年锅铲大帅逼,154929,4299908,419,28719,2228,79503,3,542,57,2336,游戏,手机游戏
中老年高校直播间....,,154808,2568937,20186,376350,1719,28722,107,2248,2234,35786,生活,搞笑
保安干了两个月莫名被炒了晚上去网吧通宵3天，早上回出租屋直接死机,Lonely的少年,154676,293249,3069,6857,179,404,385,923,171,611,生活,日常
你被怪兽追会怎么办？小鹿姐姐儿童益智早教宝宝巴士儿歌动画片,宝宝巴士儿歌动画,154394,441302,144,289,1120,2057,0,1,31,70,动画,综合
卢锡安：你这个兵是演员吗？,小海锤石,154393,154393,18157,18157,357,357,243,243,583,583,游戏,电子竞技
炸猪血，你的血,炸炸强,154322,4087981,3649,76582,123,2236,15,400,40,614,美食,美食制作
就算是大慈树王也得做核酸,努力的十八魔,154143,1477160,4734,59430,812,11749,41,484,182,1132,,
尽绵薄之力，盼国风盛行,,153876,5994466,16238,844924,2409,114721,76,5371,3560,154178,影视,短片
埋汰的尽头是变态,GS-Slime搞事,153680,197903,8015,12035,1442,1718,327,565,287,437,生活,手工
原神居然被国外黑子整蛊！,我和竞技的日常,153641,235793,10183,12537,788,1059,240,305,37,55,游戏,网络游戏
碟中谍中谍中谍...,,153622,1607506,10317,142498,982,9549,34,837,520,6662,生活,搞笑
大学生宿舍拍抗日神剧，一开口就让无数网友建议“严查祖上三代”,游戏中二酱v,153440,904326,2960,31571,821,10371,22,139,108,525,生活,搞笑
连锁好生意！全国35家核酸检测公司，张姗姗到底是谁？,娄哥侃大山,153439,153439,4569,4569,616,616,162,162,782,782,知识,财经商业
偷猫只有0次和无数次 i love them and I will always do,短jiojio,153160,246702,21569,38302,1605,2696,99,293,406,763,动物圈,喵星人
伙计，请问这是您的童年吗？,小伍同学哇,153137,671257,13494,61573,1426,7763,87,802,638,4213,生活,日常
小蜥蜴的冒险之旅，坑蛤蟆，斗蟒蛇，拯救村民成为大英雄，喜剧,拾柒影者,153069,3607334,193,20228,808,17394,0,86,38,679,影视,影视杂谈
一起看看这个好玩的世界,柠檬派奇幻漂流,153068,329995,19876,52112,1368,3228,370,1366,5228,12694,生活,日常
铲屎官的《那点儿事》,猫不理咖啡,152863,152863,24590,24590,1232,1232,307,307,7594,7594,动物圈,喵星人
七圣召唤中刻晴重回T0,小小小唐闲岁,152852,786508,7056,27959,256,1057,238,1040,31,106,游戏,手机游戏
“我勇敢了一次，他勇敢了一辈子”小伙娶见义勇为女孩为妻照顾34年,大米Video,152468,152468,7840,7840,576,576,512,512,866,866,资讯,社会
乐 极 生 悲,仙女110,152441,152441,9846,9846,915,915,1821,1821,5594,5594,生活,日常
拿肉擦鞋，吃冰激凌，二战时的美军伙食有多奢侈？,不正经老丝,152218,335170,6848,21814,941,2650,317,1150,378,1236,知识,人文历史
越南洗头沙龙，妹子活好颜值高，十几块钱享受帝王服务！（越南岘港行5完结篇）,河内老黄,152150,954937,3085,17520,943,5351,189,1366,1119,5075,生活,日常
真实4D游戏豪华体验！真理一炮炸到游戏闪退！,橙汁玻璃瓶,152019,487906,13705,47586,2141,6821,294,1113,838,2255,游戏,手机游戏
突破障碍：新模式来啦！谁能最快突破五人重围？对面下手极其凶残,是大白菜ya,151919,1367990,140,12698,461,2306,0,220,14,236,游戏,电子竞技
加拿大外交官法庭吃瓜：国际法上的管辖权和领事保护对吴亦凡意味着什么？,小Q不是导盲犬,151804,1522572,3469,46024,302,3779,232,3080,153,1759,知识,社科・法律・心理
素颜霜测评|一分钟实测get直男看不破的心机伪素颜！,别惹林饱饱,151716,1040366,910,6893,751,6390,10,180,75,553,时尚,美妆
两枪躯干一枪头，神仙来了也摇头,小黄鸭鸭鸭剪辑,151616,237667,9829,16168,708,1172,115,196,73,105,影视,影视剪辑
"【危机合约】""赝波行动""在建沙滩18镀层+日替全关卡攻略！摆完挂机+平民低配攻略合集！（已完结）《明日方舟》|魔法Zc目录 难度18",魔法Zc目录,151312,3612113,3978,84767,630,23605,146,5883,5081,60468,游戏,手机游戏
校园惊艳合唱《马》春天啊暖阳啊快些来吧~【张拾一&八月鲜芋】,,151170,243506,13762,22729,5892,9403,308,733,6181,10622,音乐,翻唱
鉴定网络热门艺术（27）,站不起来的蒙蒙,150758,150758,16744,16744,856,856,377,377,2202,2202,生活,绘画
T1官宣faker续约三年！WBG和BLG换Crisp，搭档mid虎、shy哥起飞,,150624,150624,2365,2365,76,76,480,480,364,364,游戏,电子竞技
这我真的服了！！太牧耍。。,灵鹿麟,150552,15194281,2159,238662,1005,139695,-3,227,166,14867,时尚,美妆
【巅峰数据排行24】东皇盾山手牵手，谁先放出谁是狗,月爱,150519,150519,12344,12344,470,470,923,923,929,929,游戏,电子竞技
当他得知妲己的配音是自己的母亲后...,源计划喷,150361,2274291,1650,43925,1661,19493,27,1410,72,800,游戏,电子竞技
“那傻子捧着真心对所有人”庶民又如何，轮到她奔向他了！,一未言青,150205,150205,6331,6331,1597,1597,238,238,489,489,影视,影视剪辑
激情解说中国队勇夺世界杯冠军！,,150135,396944,8828,31367,979,3730,25,397,1720,6750,,
【2022王者世冠】11月27日KPL选拔赛  成都AG超玩会 VS 北京WB,哔哩哔哩王者荣耀赛事,149498,273743,2595,6432,358,698,430,1956,227,575,游戏,电子竞技
你知道经常凶男朋友，会对他造成多大伤害吗？,囡囡表情包,149445,234353,2525,3428,1526,2396,261,442,311,471,动画,综合
日本卖地瓜小妹对中国很好奇，问了很多问题,东京溜达鸡,149395,1052031,15233,94907,1476,9891,386,3721,401,3795,生活,搞笑
杀人犯在逃30年，却因宰鱼的动作太过狠辣，被刑警一眼识破,,149274,4775369,55,4011,272,7672,0,32,3,503,影视,影视杂谈
无意间找到多年前的存档，满满的全是回忆！我的世界,天才小灰机a,149231,216008,8841,17879,1605,2339,108,345,1407,3498,游戏,单机游戏
挑战！53块怎么吃5个随机食物，难度飙升…,,149107,4224736,45,8037,257,20972,0,70,1,1099,美食,美食记录
"""天上的云让我分神""",沈默沈默,149104,253600,0,12531,0,5105,558,1099,0,9374,鬼畜,人力VOCALOID
卡塔尔世界杯禁酒？不存在的,体嗑所,148942,4046096,4828,153987,292,5933,-12,1119,50,913,运动,运动文化
水花定格术！！我用不起眼的塑料颗粒diy价值万元的立体水镜子??,小银酱的装修日记,148851,681478,7362,37492,1481,6601,49,210,77,285,生活,家居房产
接小人退散螂宝,朵拉Dooora,148831,1513050,18822,226386,1301,12617,2311,26628,909,7986,动画,综合
快乐就是这样简简单单,峡谷时光王,148636,946140,2515,20910,94,559,21,214,41,312,游戏,电子竞技
狼人杀逆天名场面！神级速通局！啊字起手有罪推定？【饭堂时刻75】,尕丶天堂,148620,148620,18358,18358,2675,2675,695,695,5231,5231,游戏,桌游棋牌
我没有什么演技，但是马上要拿大满贯了哈哈哈……,刘昔昔咯,148618,530534,4522,20041,850,2388,71,482,160,548,娱乐,粉丝创作
烂糊的牛腩土豆没谁了!肉汁拌饭yyds!,小紧张的虫虫,148606,977173,6423,69207,330,3719,58,883,1313,11698,美食,美食侦探
司……司空震本人上号？？？4.0,二斤羊,148430,1060854,8570,84241,879,7246,54,677,782,7748,游戏,电子竞技
【上青杰哥】头水紫菜大丰收，煮个鸭汤汆紫菜,上青杰哥,148153,148153,11791,11791,597,597,256,256,898,898,美食,美食记录
比千变者人马还强的回血！韩服新套路，贪欲千变者剑魔,LCK韩服研究员,148085,318884,3684,10250,256,791,350,1083,469,1799,游戏,电子竞技
国剧终于有把野心和欲望写在脸上的大女主了！全员恶人，这姐真的剧抛脸！,透明的三三,148025,604259,4835,35087,1025,4428,314,1197,1297,3527,影视,影视剪辑
以前的神仙腾云驾雾跟真的似的，现在跟挂腊肠一样！,做人一定要happy,148025,313209,11198,20873,444,875,99,275,93,279,影视,影视剪辑
连续看10小时鸡你太美??直到死亡,,147996,2923429,12700,290011,1855,44254,307,8032,4736,93310,生活,搞笑
一口气看完国产古装剧《卫子夫》P1，王珞丹还是挺美的，其他我无话可说！,九色鹿追剧,147867,854208,41,306,646,4183,0,2,7,47,影视,影视杂谈
我出不了苗乡，你带两本练习册走吧,,147230,1738173,21680,218138,1147,16829,124,2516,1542,13807,生活,
我花了150天时间创作《火影忍者》预告片--03,JalexRosaCh,147120,706046,11099,67656,1855,11252,100,898,6539,49328,知识,野生技能协会
这猪的血量合理吗？？！,大炒面制造者Cen,147091,703398,6926,70734,1162,6927,41,939,1140,11535,游戏,单机游戏
两名学生杀害了老师的女儿  老师给她们注射了艾滋病病毒《告白》！,老实人讲电影,146933,176797,6640,7805,536,602,74,96,47,56,影视,影视杂谈
富婆的午餐,小唐不方呀,146779,579802,6085,24150,1014,3720,142,678,449,1853,美食,美食制作
一个小女孩不慎食用了96颗大麻软糖，这是她的大脑发生的变化,Chubbyemu,146754,3081510,7612,209942,1813,37412,169,6131,2748,76947,知识,科学科普
“听说你是白嫖界的王者…”,在下谭某,146741,146741,37010,37010,2292,2292,416,416,3970,3970,生活,搞笑
如果你厌倦了外面的风风雨雨，那就留在我身边，我给你煎豆腐吃??,77的美胃人生,146728,2677837,3218,63714,172,3751,48,857,30,394,美食,美食记录
过生日要解题闯关谁懂？,,146664,3704468,15030,343253,1260,33268,45,1273,211,4365,影视,短片
试图做一个成人版原神,寂度凡尘,146643,248832,3682,6263,636,1008,195,368,67,129,游戏,单机游戏
火箭的圣诞礼物竟然是巴基的振金手臂《银河护卫队：圣诞特辑》,电影麋鹿,146615,757562,2286,13915,334,1846,86,518,74,341,影视,影视杂谈
进步了，但没完全进步…,,146609,936420,16289,150104,648,4862,61,1114,240,2688,生活,搞笑
新的世界纪录！4.83秒内发出100个声音,今日节奏,146564,452987,6330,19476,644,1945,120,412,231,878,音乐,演奏
乌鲁木齐市长就10死火灾事故致歉：成立调查组 严肃追责,,146499,687093,5683,25580,326,1586,1,214,650,2609,资讯,社会
天哪……原来早就有顶流公开初恋女友先例了！,,146131,2002585,5848,94625,947,13451,66,1174,416,5306,娱乐,粉丝创作
康熙用计谋，当着鳌拜的面除掉了他的干儿子，鳌拜却敢怒不敢言,二棉裤说剧,146110,146110,7161,7161,310,310,205,205,1348,1348,影视,影视杂谈
呼吸哥直播玩原神被call：主播二次元浓度过高被“通缉”了！,我是小鹿酱-,146046,273241,3994,9616,79,160,58,116,20,66,游戏,电子竞技
骨传导耳机是智商税吗?,唐火锅,146035,5886455,852,71298,499,22957,72,3598,57,2350,科技,数码
我曾经七次鄙视自己的灵魂,破站幕后大师,146006,463788,25676,85046,11722,39190,216,645,2724,8236,知识,人文历史
每天一个告白小技巧,八云兔不秃,145975,5330408,15262,549525,1912,71715,107,6891,1100,38862,生活,搞笑
狗为什么对人类忠诚,张霹雳的铲屎官,145913,277454,5979,14762,249,621,215,595,55,82,动物圈,汪星人
来延吉的第一顿，吃美了吃美了哈哈哈哈哈哈哈哈哈哈哈哈哈哈哈哈｜真探来了,真探来了,145797,397184,4009,14075,201,822,229,829,338,1024,美食,美食侦探
把你从墙上狙下来！,小何efls,145592,145592,6242,6242,93,93,73,73,199,199,游戏,电子竞技
场外大战！摩洛哥击败比利时后布鲁塞尔发生骚乱：汽车被烧、烟花四散,,145277,145277,8312,8312,355,355,758,758,52,52,生活,日常
大司马和秀才的《饥荒》之旅，秀才贴身保镖全程指导，让大司马自由去探索,艺术家阿克曼,145258,145258,6494,6494,634,634,495,495,612,612,游戏,单机游戏
【医学博士】酸奶助消化，误导了我们几十年... I 酸奶挑选攻略,兔叭咯,144983,1230808,2527,79556,635,16158,99,1957,704,24670,知识,科学科普
小猫咪穿个深V露给谁看呀？,团宠酸奶妹,144690,1338890,11587,130203,855,7435,174,2213,440,4404,动物圈,喵星人
鉴定网络热门美食视频，皮蛋瘦肉粥，照着这样做真的好吃 ！,侯小鑫の生活速写,144413,670992,7507,42149,3464,17451,82,332,289,1425,美食,美食测评
社区因居民拒绝封小区报警，警察：人家没闹事 你为什么封小区,,144351,1001472,6856,67293,670,7017,84,859,756,7756,资讯,社会
《仰卧起坐训练法》,,144280,222695,14121,22653,2292,3448,38,77,205,343,生活,搞笑
超全面！一口气看完140款史低游戏【steam秋促推荐】,蒸汽居士,144218,702759,9262,54176,2452,12066,237,1341,6830,40414,游戏,单机游戏
骰子型上单是什么梗【梗指南】,梗指南,143958,1232523,552,48465,-2,1318,10,510,23,430,游戏,电子竞技
那些年常驻网吧的神秘刘波82,表面兄弟七哥,143722,228515,9305,15954,345,558,22,60,75,141,影视,短片
想借一个插头，结果借到一整个办公室,歪爷CielStudio,143656,1519335,13768,141609,778,7148,71,1340,4433,42534,生活,日常
足球场上爆笑瞬间，铲到裁判会发生什么？对不起我实在是忍不住了,凡间纪实,143595,349678,1623,3253,579,1085,59,134,117,206,娱乐,明星
什么是信任？他说…,幕川北,143491,317045,14855,34750,1496,2768,24,148,275,1014,游戏,单机游戏
【牛叔】韩国霸榜级惊悚片，男人误入魔鼠村，发现老鼠竟然以猫为食！,牛叔万岁万岁万万岁,143460,143460,6662,6662,857,857,516,516,1169,1169,影视,影视杂谈
好莱坞电影里，那些快被盘出包浆的祖传道具！,电影冷知识,143423,143423,12621,12621,749,749,194,194,307,307,影视,影视杂谈
这是不是你的社区群！,,143058,2329764,5570,110360,211,3252,27,372,25,585,影视,短片
《主播你去地狱存个出生点》,撸sir兰陵君,142818,142818,14677,14677,1133,1133,399,399,2636,2636,游戏,单机游戏
“至少她在想办法”,小辰吾妮,142729,230675,2249,5077,77,138,16,36,10,24,影视,短片
一次学会热菜常用六种汁，你已经是一个高手了,万能工具人阿伟,142634,370337,7414,21989,19823,52633,122,448,5383,15959,美食,美食制作
在音综跳舞？什么都不必说！看舞台体验复古摇滚【马嘉祺×杨坤×孟慧圆】我们的歌,MAgic的魔法世界-马嘉祺,142607,142607,8464,8464,6616,6616,1630,1630,5547,5547,音乐,音乐现场
我管不住我的嘴#胡说八道 #精神状态,大莫莫cool,142564,3275138,11165,309452,914,24491,45,1239,139,2339,影视,短片
是时候让舍友懂得如何做一个合格的大学生了,,142561,12236694,13163,1377933,1739,176116,47,5213,1848,166994,生活,搞笑
我要被这群山寨明星笑死啦哈哈哈哈哈哈哈哈哈哈哈哈哈哈,快乐星猫づ,142463,1190859,4846,38621,1223,7974,107,917,764,4057,生活,搞笑
别...拉了...！要坏掉的！,,142370,206365,10761,15956,950,1262,46,111,48,71,游戏,网络游戏
老实人为何变成食人魔？一部让人绝望的电影，还是真实事件改编！《细伟》,一目十影,142320,390008,1387,8938,593,1484,63,357,160,838,影视,影视杂谈
看世界杯挺费电视的,快乐冲浪指南,142316,203600,630,1196,29,51,96,156,3,6,生活,日常
被唢呐送走的“日本神曲”，唢呐一响当场去世，网友：把布盖上,,142295,1645271,6097,68897,5756,73602,56,432,447,4026,,
群 青 ，但 是 小 提 琴,龚明威violin青春版,141243,311896,35269,83938,7929,19499,160,341,1695,4064,音乐,演奏
蒋介石曾孙 蒋经国孙子 蒋万安当选台北市长 当选后他这样说……,台海网,141197,219470,3016,4445,219,323,141,265,34,47,资讯,热点
给你一亿，得进入一个动漫活7天，你选哪个动漫？,半勺大西瓜,140914,187881,6645,9168,611,750,1287,1856,79,119,生活,搞笑
《校园锦衣卫》,俊鸿,140804,316816,11056,25388,1018,1619,64,238,598,1722,运动,篮球・足球
俺能遇见你们，就是最美好的事情呀！感谢你们陪伴熊出没一年又一年,,140687,1062391,16488,231097,9848,64017,84,980,1880,17664,国创,国产原创相关
今天的地勤闻着像烤鸭的原因找到了。,TaxiWay飞行中心,140580,140580,14576,14576,630,630,245,245,86,86,影视,短片
【原神】旅行者~孩子是需要一个妹妹的对吧？,NZ75鸽,140554,804683,11177,65393,6763,31723,62,908,1248,7997,动画,短片・手书・配音
千码暴君劈开朝歌,CF关分寸,140315,569566,6496,38696,715,2610,50,315,139,679,游戏,网络游戏
2022天津相声:《核酸检测》郭德纲 于谦,锅の缸,140311,721927,2349,9808,1537,6488,54,219,252,971,娱乐,综艺
当你拍短视频拍着玩却不小心火了,,140167,9690743,1089,477639,2867,171044,4,2732,235,61831,动画,短片・手书・配音
她回家问自行车一宿，她的烧烤炉子在哪里,周周啊,139811,2035272,4240,89840,304,5409,31,490,57,977,生活,搞笑
因为玩【原神】，我被骂了！！！！【喷子心理学】,心灵侦探明柏辰,139682,344145,9946,33910,3195,7792,3765,9470,3567,13186,游戏,手机游戏
世界杯赛场看台突现“旭日旗”！韩网友：日本球迷行为丢尽脸面,,139570,139570,7501,7501,400,400,880,880,99,99,资讯,环球
田所志毅怒批日本男足,骞尊魔王,139497,139497,6817,6817,827,827,252,252,263,263,鬼畜,鬼畜剧场
【忘川韩信】放弃吧，这就是我们热血沸腾的组合技！,忘川又下饭啦,139470,1028505,4171,56323,1699,11585,70,667,675,8602,游戏,电子竞技
吴某凡宣判后！离谱言论大赏！一起哈哈哈哈哈！,此间无双i,139265,1553146,6119,65893,343,3114,206,3259,250,2402,娱乐,娱乐杂谈
摆！,,139114,6548506,2383,470819,1967,107006,7,8056,744,186999,生活,搞笑
后来才知道，90年代的济公说的都是真的,F橘子皮,139078,1571616,11283,116951,3540,39465,191,2256,1937,21470,影视,影视剪辑
大冬天的找个免费跑腿不过分的,顾左柚而言塔,139014,257049,5395,13793,168,421,43,80,25,61,生活,搞笑
现在我精神状态良好！,张若宇,138950,4175796,9408,263208,689,13988,4,526,204,4052,生活,搞笑
宽菜日记断更半年的真实原因大揭秘：摄影师跑路了！,宽菜日记,138924,280280,4091,9492,49,240,129,364,163,437,生活,日常
台湾电费究竟有多贵呢？,大志与妮那,138803,2581091,3362,52957,105,1262,26,1120,27,320,生活,日常
搞笑视频69,三连之约,138758,138758,19633,19633,807,807,16,16,84,84,生活,搞笑
新版『卡萨丁』实战试玩：团战怪物!一波团战放6个E！打团疯狂刷新E的CD!能量脉冲冲冲冲冲冲冲冲冲~,LOL小绿毛资讯,138643,138643,3746,3746,46,46,765,765,32,32,游戏,电子竞技
下班如何快速吃饭｜耗时：6分17秒,芋儿园园,138213,792022,4593,22980,1105,7276,186,1298,292,1560,美食,美食制作
抵达世界杯球员通道！零距离接触球员是一种怎么样的体验？！,,138178,561247,7661,39053,246,1296,122,817,623,3028,,
为什么吴亦凡要坐牢，但罗志祥不用？,白话频道,137883,557515,2852,12191,159,727,240,1155,71,303,娱乐,娱乐杂谈
金春禧―特厨寻根，来到鲁菜发源地之一的济南，第一课就被教育的明明白白,特厨-魏味,137829,137829,12037,12037,1133,1133,624,624,1830,1830,美食,美食侦探
挑战：一块钱吃饱一整天！,小意实验室,137790,2117644,54,354,244,3055,0,2,6,47,美食,美食记录
你的封校我的封校好像不一样,小狮子王chichi的一生,137756,367758,16043,45575,551,1295,75,248,123,266,美食,美食侦探
【4K】几何宇宙2！当弯曲上升到四维，面对这个无垠的宇宙，我们全都将变成蚂蚁,眼见为识,137717,440356,3819,23849,1475,6561,85,804,2164,15717,知识,科学科普
男子背着女友在业主群广撒网约美女 对话露骨 反被设套集体捉渣男,,137492,522067,8436,31910,504,2109,302,2019,107,349,资讯,社会
唐僧：女妖怪？无所谓，我会出手!,芦苇十三少,137466,649268,10793,59414,2085,9289,161,1212,8235,34047,动画,短片・手书・配音
公平，太公平了,小叮当的一家,137461,1484022,10289,142635,572,5017,21,483,113,1778,生活,搞笑
明星就不是民了，成龙大哥一语道破现实,草莓娱新,137414,391604,6948,14756,268,595,242,438,26,59,娱乐,娱乐杂谈
【SNH48 GROUP】第八届金曲大赏年度金曲《渊》MV,SNH48官方账号,137345,137345,10015,10015,4893,4893,1273,1273,6696,6696,音乐,MV
怨种这家伙打小就有点鸡贼……,淦淦惹,137230,548416,14226,61618,395,1577,99,741,927,4123,,
燃气灶冒绿光？这事你在高中就学过！,央视农业,137208,225752,17605,29436,909,1459,398,934,236,500,知识,科学科普
小伙意外获得会说话的铠甲，从此走向开挂人生. “刺杀小说家.,小寒剪影,136690,2350643,240,14085,1618,29463,0,262,38,515,影视,影视剪辑
日本被爆冷！比利时被爆冷！都是做梦！都是做梦！解剖一下最新的一些私信,扑克经济学,136539,136539,5320,5320,344,344,943,943,487,487,,
从 第 几 秒 开 始 心 动 ？,伢伢gagako,136488,309715,5850,20358,1860,4936,79,431,765,2681,生活,日常
(密集恐惧等级挑战)看这个视频时不要裂开,1分叮,136287,1317191,259,2394,991,12155,0,11,33,317,生活,搞笑
一口气看完《美食的俘虏》！带你走进美食大时代！！！,,136201,1268672,339,2436,1895,13180,1,6,73,533,,
【low君】《钻石王老五的艰难爱情》：一部因为剧名很难安利出去的剧！！！,low君热剧,136109,492346,4877,26251,435,2448,270,1525,652,2831,影视,影视杂谈
情侣旅游的真相和朋友圈！,是个维维啊,136003,1210177,6298,78577,265,1878,29,472,76,635,生活,搞笑
《烧脑神将》,单走一张六,135940,135940,7343,7343,208,208,207,207,757,757,游戏,桌游棋牌
神秘古井：第二章，逃往爷爷家,小银-奶奶族,135791,747250,167,1141,1761,10283,-1,12,24,138,游戏,单机游戏
皇上遇上一个乞丐，谁知这个乞丐却是皇上寻找已久的治河奇才,鸡胸肉玩咯,135661,706469,282,1516,1627,7083,1,25,41,213,影视,影视剪辑
摸一下大蒜，就能徒手捏起蛋黄？,啦啦今天又喝啥,135596,3754184,1883,55828,198,5776,26,1136,24,558,美食,美食制作
在泰国得新冠是种什么体验,泰国阿航,135558,135558,17840,17840,466,466,1078,1078,2267,2267,生活,日常
小时候调皮捣蛋离谱的事可真没少干啊！,,135462,580630,177,1208,390,1515,-1,10,7,43,生活,搞笑
2D版猴子吃豆人，超级黑暗欺骗,鲤鱼Ace,135214,346594,5242,25637,1139,4553,157,1106,1450,5848,游戏,单机游戏
我的世界：真实物理模组1，挖矿塌方，牛顿快乐,,134899,592344,876,14030,3045,13076,12,243,150,2939,游戏,单机游戏
东北大降温，炫一碗韩式炸酱面配上糖醋肉，糖油混合才是冬天的快乐～,方芳的快乐生活,134884,369506,5271,20334,181,1009,82,507,872,3418,美食,美食侦探
11秒让你知道河北疫情现状,JOJO软件,134781,1490364,7078,88488,838,7726,657,5864,341,2619,生活,搞笑
【情感/治愈】三悦有了新工作（2022）01【周依然/梁靖康】,迷影社,134334,29917740,410,141016,0,2573,18,6054,119,43466,电视剧,国产剧
网友吃早餐时，来了只巨嘴鸟串门,哈百里,134245,248378,21706,37244,2115,4375,203,500,116,234,动物圈,野生动物
评分2.7？！BUG一堆为何却仍旧好评不断？【宝可梦朱紫之玩后感】,依然小智,134151,248239,5509,12663,555,1759,1178,2034,939,3089,游戏,单机游戏
大凉山女孩每天放学捡瓶子挣学费？当事人回应：都是假的，对方给100元诱导拍摄,,134118,134118,12418,12418,221,221,549,549,75,75,资讯,环球
【2022王者世冠】11月28日KPL选拔赛 成都AG超玩会 vs 深圳DYG,,133830,133830,3645,3645,394,394,1211,1211,273,273,游戏,电子竞技
如果没有狗子，后果不堪设想,广州交通电台,133785,133785,3434,3434,131,131,108,108,32,32,资讯,社会
【鞠婧t】开麦！《恋爱告急》彩排直拍，轻快的歌曲传递恋爱中的浪漫情绪！【东方风云榜】,乱乱的蚊子,133774,289675,11440,26543,3472,9245,208,539,876,2353,舞蹈,明星舞蹈
奥特之父竟然会下金蛋，这一看就练习了两年半！,,133585,440588,5029,23823,351,1485,-222,871,293,1334,,
男友在你面前VS男友在闺蜜面前,,133539,2773283,12148,280286,1026,18583,52,3129,1246,30771,生活,搞笑
巨轮失踪4个月后又出现，船上的乘客居然只剩1人！年度烧脑剧《1899》上,,133505,779983,5409,48052,536,6130,97,1019,1681,12156,影视,影视杂谈
亿 点 点,,133199,5484334,18995,865500,3209,135591,91,4189,3764,113609,生活,绘画
复原《天工开物》古法炼银，将银矿石提炼为纯银的过程,鲁q石,133128,402274,2720,19257,381,3218,92,704,797,7242,生活,手工
阿根廷球迷抢了我们的座位但无能为力却收获梅西飞吻！现场观战世界杯阿根廷2比0墨西哥！,鸡锟苗师傅,133094,581724,4200,22185,286,1693,765,4102,489,4180,,
全 原 私 通,没早晨的马丁,133065,133065,9207,9207,1617,1617,234,234,1443,1443,游戏,手机游戏
第6期 上海老公房变身现代感LOFT【梦想改造家】,综艺哔哔姬,132994,1642524,93,4296,13,166,1,726,64,2126,娱乐,综艺
“不好好工作 你就会被丢弃在垃圾桶里”【恶作剧挑战149】,野生大肥扬,132989,396903,1961,16222,684,1877,42,495,372,4044,,
「会议放送」,,132949,2184961,418,6538,1947,36145,1,7,121,1461,美食,美食制作
第2集||爷爷很爱我，从小让我睡棺材。#棺材人生,乌书,132849,5307194,150,7749,1338,50643,0,10,15,1438,国创,国产原创相关
大专生,半年诺,132736,1774629,10129,157150,1572,17427,275,4295,430,3669,生活,日常
蚌埠住了...哪个鬼才教你这么二创的？！,MJ小林大人嗷,132714,4124509,8182,233941,4727,134631,42,1398,3542,110532,影视,影视剪辑
【别眨眼】一直画画画会发生什么？,-RyanWong-,132617,341984,35629,102433,4831,12055,157,448,1033,2559,生活,绘画
为了让大爷吃水果，我付出了多大的努力...,,132337,2238576,9953,260662,1259,23907,17,446,193,2771,生活,搞笑
我要养痞老板啦！,小黑的动物园,132299,2923267,515,5595,1008,15935,10,242,20,381,动物圈,爬宠
网课整活？当代学生上网课，竟都在变身猪猪侠！,夜小雨爆笑社,132064,4243633,438,10377,3393,73264,0,35,77,1191,生活,搞笑
快帮小麦选一套最好看的去见哥哥！！,小麦的幸福生活,131959,131959,15411,15411,260,260,384,384,206,206,,
【大仙全家桶】龟甲流典韦，站着不动就能噶人！操作比铠简单，亲测好用！,指法芬芳张大仙,131869,131869,11938,11938,329,329,342,342,373,373,游戏,电子竞技
染出红色花？把红色染料倒进去就行了，倒着倒着就不对劲了,魔鬼鱼秀儿,131804,303631,47,478,310,1051,0,20,5,51,游戏,单机游戏
记者询问如何看美国0:0战平英格兰，拜登茫然：比赛结束了？,,131734,282476,6488,16568,255,585,116,291,47,72,资讯,环球
意想不到！世界上最危险致命的10个工作,奇奇怪怪研究所正号,131686,1095599,1117,14607,7857,73180,5,158,447,5435,知识,科学科普
“简简单单，宿舍聚餐”,潘多拉的饱嗝,131565,765885,13475,92709,1256,6430,156,973,156,635,美食,美食记录
你敢挑战恐怖的神兽水滑梯吗？第一视角带你去体验！,,131474,580922,77,358,1394,4952,0,5,20,89,运动,运动综合
哈哈哈哈哈哈哈哈这个干将笑死我了,左左丞相,131378,645598,7620,44295,292,1171,13,139,171,1310,游戏,电子竞技
大蛇丸百战不灭时装！动漫、究极风暴全技能表现效果参考！,帕克统一忍界,131291,196942,3935,7456,159,245,232,577,137,237,游戏,手机游戏
这幸福来得太突然了！,cheems日记,131283,1053367,11085,107888,1305,12111,52,519,356,1968,生活,搞笑
Red Velvet新专收录曲合集,,131253,131253,7780,7780,4414,4414,1091,1091,618,618,音乐,音乐综合
丁字裤真的好穿吗？曾经是模特的辣妈告诉你......,蒜香尤美,131070,1337621,1515,13903,823,7619,61,1100,126,1062,生活,日常
骗子前脚刚找回游戏账号，下一秒在被窝里被抓现行，直接带去警局！,交易游APP,130903,452584,4374,19775,267,1132,336,1466,820,4069,游戏,网络游戏
没有香水，从头到脚都腌入味儿～,刘美含Mikan,130892,172855,17619,24215,9464,12390,134,315,1187,1734,时尚,美妆
不用不知道！一用吓一跳！,超会省钱の小王同学,130821,897327,2727,22311,904,6005,1,46,127,633,时尚,美妆
帮不了你上清北，但985没问题,小老师钱一,130656,546029,8210,35812,10806,41973,212,1522,3515,13779,知识,校园学习
原以为异世界找工作很简单，不料游戏世界里全是bug,,130619,1211594,129,8042,13,3530,0,43,18,229,动画,综合
学妹约我拍视频 还好我是正人君子,熊猫微视,130507,130507,10498,10498,3048,3048,302,302,1211,1211,生活,日常
前列腺按摩,小棍0424,130158,2258937,3316,58121,1013,18531,170,3083,489,8405,生活,搞笑
白象新出的25元蟹黄拌面真的好吃吗？,小嵘哥美食日记,130128,515529,2205,12445,181,989,282,1229,33,146,美食,美食测评
这吕布一顿得吃三把无尽,,130036,1452532,2577,74357,210,2886,15,951,132,2938,游戏,手机游戏
有梦就去追呀，宝贝们,浮世清欢落颜,129956,522789,790,2410,2694,6864,0,20,106,297,生活,日常
女生呵斥男子在图书馆看不雅视频被回怼：你心理承受能力那么差吗？,,129882,211982,5746,9103,254,457,670,1194,35,76,资讯,社会
假如在中国举办世界杯,cheems菊长,129838,168886,9325,13671,459,652,111,184,44,74,动画,综合
这到底叫啥啊?,阿羊你又在打电动哦,129732,548996,7712,36779,399,1515,40,238,179,753,游戏,电子竞技
听话要听音,迂磨二公子,129553,301276,12637,27815,308,688,31,231,265,1005,生活,搞笑
女友明天回家办理文件，一切顺利的话就会修改成我的姓氏,爱好摄影陈同学,128948,434136,725,1492,170,401,125,281,24,68,生活,日常
在面馆给一小伙身上画个画,潮绘师王大呀,128866,3663121,2203,90257,130,5216,6,409,37,941,生活,绘画
「男友咆哮」,,128782,1759354,397,4902,1864,26742,0,5,76,643,美食,美食制作
你和老电工扎线的区别,技成电气百科,128590,212879,473,961,57,121,35,61,14,25,知识,野生技能协会
"《禁止吸烟》:一根香烟价值500万，两个西瓜要8000",雷猴说电影,128224,766458,31,204,111,790,-1,0,6,18,影视,影视杂谈
信息奴役之下能有独立思考吗？如何挣脱虚拟与现实的混沌,储殷教授,128082,350805,6910,18076,4808,12156,289,1097,4924,12209,知识,社科・法律・心理
时隔一年的路边摊10元小面！来咯来咯！一样的价格，一样的美味！,丹妮妮妮妮2098,128075,128075,7666,7666,399,399,227,227,1217,1217,美食,美食侦探
【云顶S8】云顶智能AI，噩梦人机在训练中,犬狐狸,127832,127832,2757,2757,92,92,554,554,68,68,游戏,电子竞技
多米诺新作品来了，太美了,多米诺冷风,127802,1711876,1285,11101,1299,14244,10,71,297,2432,生活,手工
奴役女粉丝，帮我盖大楼,游戏人阿管,127643,1482085,445,7279,1512,15838,5,100,80,874,游戏,单机游戏
在英国下雨不打伞的人确实不少！到底为啥？我简要的总结了几点。,宝哥在英国,127494,7280709,4709,191640,366,12653,42,2236,44,1570,,
勇敢小狗 负重前行,省油老灯,127491,1608246,19130,257124,2701,35476,177,2480,989,9759,动物圈,汪星人
魔鬼终结者互相残杀？影史商业科幻片天花板！万字拆解《终结者2》,迷影至下Filmlast,127381,315141,8713,27347,1498,5313,162,568,4221,13242,影视,影视杂谈
【瑞克与莫蒂】包括海王，众多老角色将会归来？！第六季第八集剧情分析和预测＃235,,127381,321060,5577,20201,220,959,371,963,357,1262,,
蓝色妖姬竟然也是ikun,阿毛搞笑玩梗纪录片,127298,2772023,1531,42377,5559,139797,3,105,330,7072,生活,搞笑
辛普森一家：丽莎意外迷上赌博，因此引发一场灾难,十五说动漫,127175,243245,5410,9879,235,490,20,59,22,48,,
这帮兔子，真是偷吃界的扛把子！,小舞玩游戏吖,127169,942610,53,247,484,2304,0,1,10,30,游戏,单机游戏
育英公寓！,天才彭摆鱼,127008,1783448,250,3707,1443,24914,0,27,52,635,动画,综合
跟我住一个小区的弟弟……好可爱,乔妹来了啊,126944,1281173,5658,65348,1105,11408,54,514,388,3217,生活,日常
见识下血条消失术吧！韩 服 王 者 就 这？#170,yizhilugou,126833,242003,3922,11754,121,547,82,261,569,1879,游戏,电子竞技
心 之 钢 文 学,多多poi丶,126640,349938,16107,45687,2234,4764,215,1177,700,2414,动画,短片・手书・配音
人工智能我和你没完！ 把我变成狗,聂小倩她老板,126586,215224,17006,29420,421,671,93,304,187,450,生活,搞笑
能用，但似乎可以不用,国聪有话说,126475,197571,8001,12834,423,684,110,218,52,100,生活,日常
我也不想上学，但我的老师是初音未来哎,,126470,6546160,10864,796808,1331,109359,71,8420,829,40589,生活,
【短的发布会】站柜成为必修课？OPPO Reno9夺舍成功不止产品经理还有设计师！,短的发布会,126250,126250,10941,10941,375,375,346,346,431,431,科技,数码
【危机合约#11】赝波强杀 危机等级36 “不畏苦暗”,巅峰计划,126117,625280,10767,88834,2155,20655,207,3574,5656,62157,游戏,手机游戏
【原神】五星角色加入商店兑换，增加大招动画关闭，角色语音自选，显示护盾值和BUFF时间等功能建议！星辉商店角色兑换表！,,126111,126111,7675,7675,329,329,851,851,714,714,游戏,手机游戏
神来之球【太离谱了Ridiculous】,太离谱了Ridiculous,125949,3194537,2519,87443,116,2904,9,261,6,227,知识,野生技能协会
卖蚂蚁卖蚂蚁，140元一斤！,,125801,2912756,331,10867,3418,58191,0,41,111,2562,游戏,单机游戏
冰糖雪梨的做法看似简简单单一锅炖，其实里面包含了不少讲究和学问~,品诺美食开课啦,125739,125739,9897,9897,3963,3963,269,269,1725,1725,美食,美食制作
【原神动画】用胡桃还原电锯人 第4话ED「锭剂」,穿过黑暗的光,125505,125505,15727,15727,7701,7701,756,756,4580,4580,动画,短片・手书・配音
到嘴的肉本想养肥了再吃，结果全部都长出了逆骨,,124786,1282755,154,16268,711,6072,0,98,13,187,,
卡塔尔世界杯唯一一个在赛场上奔跑的中国人,暴躁体坛,124589,3066506,2967,130854,278,8586,67,1747,62,1049,,
柯基：被自己的影子帅到了！,萌宠大坐战miao,124578,1699618,7433,119251,358,5208,32,411,37,403,动物圈,汪星人
我们做设计的追求的是什么？对！当然是…… #设计 #平面设计 #品牌设计,LOGO设计匠心,124525,356421,2602,5819,121,266,57,222,21,61,知识,设计・创意
现在的手办都这么逼真了吗？,IRON桃子,124257,361678,2793,6037,250,731,176,587,28,106,动画,手办・模玩
来看蝙蝠尿尿,大霓奈,124245,272553,1838,5004,779,1976,290,616,71,137,生活,搞笑
疫情年代 超级富豪怎样洗劫全世界80亿人民【旧日神魔12】,破壁狗,124195,124195,7375,7375,3012,3012,393,393,4494,4494,知识,人文历史
南博能有什么坏心思呢，只想玩个游戏罢了！,胡桃桃子的恋爱日记,124046,334119,6497,13334,702,1587,48,115,72,185,影视,短片
海绵宝宝迎来生命最后一天，一到太阳落山身体就会爆炸！,元子动漫,123866,3305747,683,34853,2432,61569,2,222,109,2246,动画,
【解压】把指甲抛光到10万目，是什么体验？,抛光狂魔,123685,935180,10833,60815,779,4591,129,1826,279,3762,生活,手工
开锁公司说我家绝对进小偷了？？,,123624,1855743,12222,167707,872,10779,23,415,69,598,生活,日常
《惺惺相惜 重拳出击》,凳子凳子_,123596,511523,14310,69860,1276,5300,66,267,105,411,生活,搞笑
【不废话】为什么袋装薯片里有那么多气？,不废话の君,123590,438304,11617,49386,1027,4856,35,271,154,685,生活,搞笑
这设计师脑洞是真大啊！,曹大锤来了,123443,2211631,7691,154403,683,12815,197,3684,304,4305,美食,美食记录
今天的干饭条,薯条来啦,123260,123260,13141,13141,202,202,195,195,533,533,生活,日常
【TF家族练习生】日常训练记录 07-练习生们的居家日常,,123083,123083,8465,8465,1204,1204,2408,2408,1003,1003,娱乐,明星
看完这个视频我相信没有人可以拒绝它,老银匠手工,122856,2914552,14151,268284,2312,36677,690,17716,685,11784,生活,手工
【4K/秘密总部】谁不想拥有一个可以变身成钢铁侠装备呢？,江裎剪辑,122749,1622340,767,7684,3975,42025,0,17,130,944,影视,影视剪辑
【王耀庆】《安可王》官方完整版MV,王耀庆,122579,122579,8465,8465,913,913,657,657,3319,3319,音乐,MV
“卖饼12年给弟弟买房买车”当事女子：不在意扶弟魔说法,齐鲁晚报-齐鲁壹点,122473,122473,2436,2436,152,152,1019,1019,33,33,资讯,社会
这个三角形是竖着的，还是横着的？,李论科学,122451,359039,7472,30060,700,2215,47,153,47,142,知识,科学科普
童年阴影中的佼佼者～天书奇谭老狐狸,初九Haimon,122443,345765,10983,42868,375,1189,57,265,459,1611,,
美国一女子10岁那年被侵犯生下女儿，只能用“姐姐”的身份和她相处，女儿得知真相后崩溃,YouTube精彩视频-,122125,524045,12086,50131,1062,5271,435,2103,126,384,生活,日常
皇上：臣妾厉不厉害！！！,鲲局长,122120,2415463,8794,210895,1288,26229,60,1223,411,8337,鬼畜,鬼畜剧场
【oc/meme】happy face,晓晓鸽鸽,122012,122012,29318,29318,11856,11856,249,249,4862,4862,动画,短片・手书・配音
赢麻了！杭州中学生打败麻省理工学霸，编程大赛拔头筹,漩涡视频,121933,121933,2650,2650,485,485,807,807,64,64,资讯,社会
英文歌曲 bgm～,我的世界晚落,121893,2285526,1459,46532,9637,202367,2,258,297,6878,游戏,单机游戏
好好的做饭，闭上嘴！ 遇到青春期的孩子 父母只有这样……才管用!,侃木头哦,121852,963399,18891,179619,3513,32728,164,1466,1104,8124,生活,
【Zc故事】强 人 锁 男,,121557,810081,4710,99321,2784,25229,38,737,1858,49452,动画,短片・手书・配音
《你要跳舞吗》 你你你你要跳舞吗？来看我们的演唱会,陈楚生,121231,327589,7566,25891,1819,5606,158,820,2793,10308,音乐,音乐现场
硕士毕业后复读？我连夜赶回学校！,杨三岁和小鱼,121207,237085,17091,32925,620,1096,88,259,362,838,生活,日常
牛老师直播偶遇“牢底坐穿”大宝剑,道德未央-牛道德,121135,2513329,8283,185788,-5,9949,37,1052,50,1071,知识,人文历史
广州越秀发布：长期居家的老人、每日网课的学生等 可不参加全员核酸筛查,,121044,121044,6001,6001,322,322,427,427,129,129,资讯,社会
「冷饭」2022年我买了小米6亮银探索版，刷了旗鱼系统,冷饭h,120955,238785,5564,14089,613,2648,263,715,1117,2877,科技,数码
节目效果爆炸！柯洁与战鹰连麦前的疯狂拉扯！“我不可能主动的啊！”,尽量少喝阿萨姆,120641,120641,2523,2523,287,287,236,236,39,39,游戏,桌游棋牌
【扒】老婆一胎八个孩，医生恭喜我，我笑不出来《辛普森一家》之一胎八孩,周扒片,120587,120587,11310,11310,642,642,178,178,1008,1008,,
我和她味蕾的差距 比我和高尔基的文采差距都悬殊,张金条,120576,120576,9607,9607,539,539,288,288,811,811,生活,搞笑
鱼仔预测已经遭遇5连败了，今晚一口气预测三场能否打破魔咒！,,120549,120549,14588,14588,362,362,1048,1048,510,510,动物圈,汪星人
硬核分析原神3.3全新圣遗物！妮露散兵喜提专属四件套？全方位分析花神套到底是否适合妮露久岐忍？数值提升有多少！深入分析背后设计意图！魈喝汤？大圣是否推荐刷新风套,老懂哥是我了,120525,120525,8843,8843,657,657,1973,1973,1869,1869,游戏,手机游戏
珊迪为了吃坚果，研发出科技与狠活肥料！,,120295,377821,113,308,1780,3795,0,4,21,67,,
是大腿，不是假肢――李靖,直男文史课,120104,120104,7748,7748,435,435,415,415,926,926,知识,人文历史
贵州荔波现割牛肉，糊辣椒牛肉粉，酸汤牛杂火锅，阿星吃凉拌牛血,阿星探店,119898,119898,10047,10047,836,836,381,381,4115,4115,美食,美食侦探
收到朋友的14公斤汉服，谁羡慕了我不说,陈喜悦耶,119701,427781,13236,47304,3364,10434,225,553,351,955,时尚,服饰
挑战徒手剥猕猴桃，这回找到了问题的关键，最后能挑战成功吗？,酒哥来啦,119600,1364182,26,132,159,1305,0,1,4,26,美食,美食制作
【享拆】vivo X90 Pro+拆解：双芯齐下，完成度都很高！,唯颂科技XYZONE,119599,119599,6396,6396,617,617,932,932,1020,1020,科技,数码
打拳十年无人问！微微一笑天下知，这个曾经流量过亿的男人！,五毒影音,119566,2524571,231,42185,769,17187,0,354,31,968,运动,竞技体育
英国跨性别演员确定参演福尔摩斯系列剧集,,119199,119199,8313,8313,92,92,697,697,7,7,资讯,环球
耗时28个小时，揭秘烤肉店卖的非常火的【烤牛肉】入嘴瞬间值了！,招牌美食大生哥,119158,1166838,6708,53508,2348,29846,68,516,303,2943,美食,美食制作
终究是我不配了,,119152,158544,7792,10574,502,671,170,321,89,164,影视,短片
今天聊聊R星,韭菜守护者,118758,532333,6256,25109,390,1513,84,474,32,165,时尚,服饰
大舅哥认清了现实，这一期含妹量超高,,118690,1543574,4446,75597,310,4205,22,1631,1249,19376,时尚,健身
她们可是放弃了“登顶”的机会发的这首歌啊！Red Velvet《7月7日(One Of These Nights)》一键换装【红贝贝birthday回归大发】,爱豆安利所,118666,118666,5363,5363,877,877,524,524,257,257,音乐,音乐现场
“请等我失败死掉后，再来笑我吧”,貂s的腿毛,118399,4733560,10560,515398,1715,88291,63,2722,828,32431,动画,综合
好    队    友,高叟jyw,118358,172709,7005,12031,832,1339,32,118,247,439,游戏,单机游戏
用猫找私房钱，结果找到・・・・・,马也不也,118265,521663,8217,36721,663,3187,14,88,32,133,动物圈,喵星人
等着我律师来吧你,,118186,4706984,5413,171525,516,13228,30,1198,214,3960,生活,搞笑
在大学如何撩妹,,118099,3674087,12876,336800,1352,33380,36,1512,477,10410,生活,日常
穿越书中，养歪男主和反派是什么体验？养成系就是真香啊！【我把男主和反派养歪了】,,117846,1994036,933,14366,6089,127140,2,11,223,3282,动画,
拼手速这方面你哥我没输过,王者荣耀桑杰,117814,117814,10184,10184,209,209,150,150,101,101,游戏,电子竞技
当双子感应到对方就在附近时的眼神有什么区别,,117780,419088,11528,43532,1553,5300,72,294,84,193,游戏,手机游戏
2022载入历史的女团大年！全年女团战局回顾,漫行TV,117578,561620,4714,28268,1636,8699,474,2707,1504,9977,,
这次我是来炫耀的，你们忍住！,魔都巧克力,117520,538756,6129,29804,525,2125,26,264,28,184,生活,日常
【阿斯顿马丁DB11】被拒上牌后续，已维权成功,野生11,117503,117503,4643,4643,508,508,483,483,1173,1173,汽车,汽车生活
张嘴会笑怎么画,美术微学堂,117142,163092,14248,20971,3433,5540,21,47,106,199,生活,绘画
【10月】孤独摇滚 第8话 剧中插曲「那个乐队」Live映像【官方歌词】,MCE汉化组,117131,348310,5275,19374,2835,8994,711,3161,1103,3524,番剧,资讯
(G)I-DLE Nxde+TOMBOY 221126颁奖典礼高清舞台,,117062,724210,4978,50503,3206,25380,328,3673,1054,10937,音乐,音乐现场
我前段时间去打工，结果被老板耍了,,116967,1257392,12829,123889,954,11601,204,4814,4566,73247,生活,搞笑
亚硝酸盐有剧DU，你知道什么食品中最多吗？,中国食品报融媒体,116946,116946,12806,12806,482,482,675,675,299,299,知识,科学科普
教69岁的老师傅练习鲲舞铁山靠,Yaw自律,116937,267153,6140,17071,266,776,144,444,426,1291,时尚,健身
《我娘是天帝16》完成人前显圣任务，又出新任务,在下苏小辰,116814,1269460,119,2299,1515,22794,0,14,27,337,动画,综合
大G抛弃破舰者再次试用排眼刀，1-12疯狂折磨韩国人，偷家偷到崩溃的一局！,,116743,116743,4587,4587,112,112,150,150,183,183,游戏,电子竞技
滔搏电子竞技俱乐部2022年度纪录片――《盛夏未来》,滔搏电子竞技俱乐部,116710,193857,2540,5980,441,1172,2034,4009,921,2729,游戏,电子竞技
催出我猫命了,,116523,1243031,18786,205243,1541,12771,57,755,461,4186,动物圈,大熊猫
前方杀疯！用巧妙的露肤塑造恰到好处的危险感！ 【法国高定品牌Alexandre Vauthier】,阿菠萝的菠萝壳,116397,1893852,6308,108283,2325,44187,65,1028,417,8024,时尚,T台
穷小伙新婚夜放走新娘，三十年后成为女富商来报恩。,海盗团-,116371,746222,358,4290,384,771,39,381,19,99,影视,影视剪辑
空：就你叫散兵啊？挺猖狂啊你！,,116338,1863837,9355,206396,2463,70772,40,1787,1658,35716,动画,MMD・3D
五百兆的宽带，WiFi依旧卡的不行,海南弱电小胡,116317,367027,3063,9092,607,1707,183,633,218,863,知识,职业职场
【唐探宇宙】化学老师晚上化身黑暗中的清道夫，一口气看完《唐人街探案》网剧,,116301,7846335,341,25314,1029,107036,1,132,93,5784,影视,影视杂谈
我不是恋爱脑啊姐姐,迷你猫19,115984,148752,25211,32794,1521,1907,141,287,6066,9092,动物圈,喵星人
偶遇温州街头85岁老奶奶！！开了二十几年的瘦肉丸摊子！！奶奶太温柔了,甜品大帅,115940,2110745,17151,270422,1451,18658,133,1670,1670,21308,美食,美食侦探
安史之乱对唐朝的影响到底有多大？【九州纵横】,御史房,115805,238360,5845,16913,1165,3801,473,1509,2228,5582,知识,人文历史
谁说泡面没营养的潮汕原味汤粉王,七分甜美食,115632,1664708,1862,27029,79,1144,29,825,8,114,美食,美食制作
10个你很羡慕，其实是病的特殊能力,嘎嘣排行,115530,1179102,1062,21972,1892,11473,72,1842,65,534,知识,科学科普
很细很细的公子断流机制慢放讲解,坂本本君,115488,683308,11540,89230,2987,16569,172,1133,509,2794,游戏,手机游戏
单位里怎么防止自己被叫成小王小张小李小赵,峰video,115478,156567,1727,3977,1171,2234,374,720,386,890,知识,职业职场
《臣妾要告发》，但是动画版,CC好c,115458,492922,19186,56422,3713,10310,147,716,1776,7257,动画,综合
大司马和秀才的《饥荒》之旅，认识猪人朋友并准备建立自己的家,,115373,115373,5119,5119,415,415,456,456,561,561,游戏,单机游戏
当你在萌新面前把狼王一刀秒了,超乱乱鸭,115352,480330,6378,27544,297,1168,60,349,28,161,游戏,手机游戏
当我妈说我烦人不想给我做饭后,大家的养分,115278,227446,5119,12737,141,313,86,260,129,406,美食,美食记录
套套测评｜为了幸福我炸了冈本的套套！“润滑与情趣齐飞”是种什么体验？,特务卷卷,115185,2881033,1100,29592,758,14760,62,662,143,3152,时尚,美妆
腿抽筋的感觉不用多说大家都懂，教你几招快速缓解腿部抽筋的小技巧！,用武之地讲武学堂,115139,1228258,5608,103649,1780,25752,175,2350,190,1779,运动,运动综合
韩媒爆料Nuguri退役！原神哥:问过他了，退役后想不花钱玩冒险岛,,115043,115043,1863,1863,75,75,491,491,129,129,游戏,电子竞技
三百五租船捕鱼，一条又一条五六公斤的黄花鱼连着上，发财的节奏,阿牛爱搞鱼,115008,157773,1731,5259,177,467,120,493,611,2326,,
1米9帅女在宿舍追剧的正确方式.....,小马只有一米九,114878,518881,10145,45755,596,2511,38,495,46,264,影视,短片
【2022王者世冠】11月28日KPL选拔赛 成都AG超玩会 vs 南京Hero久竞,,114778,114778,2994,2994,357,357,992,992,191,191,游戏,电子竞技
人类靠什么，才能大规模走出地球？【奇怪的知识】,,114760,1841396,8429,192863,887,17016,69,1687,302,4868,知识,科学科普
世界杯之巅,电影七十二变,114702,272211,12194,31782,1868,4716,106,340,871,2286,影视,影视剪辑
但如果这颜料条拔不出来，估计很多人会难受一整天,,114623,8908793,2281,226916,224,21701,4,1069,35,2280,生活,手工
100个学生，一间宿舍就够了！！！,设计师王姨,114532,1579034,3671,62831,368,5881,32,987,68,957,生活,家居房产
新增防御装备：启明重铠！挨打就能克制回血！霸者重装成真霸者！,,114272,114272,5110,5110,136,136,1314,1314,53,53,游戏,电子竞技
毛主席原声修复影像，主席对美国霸气喊话，只因美军拒签停战协议,殿堂历史,114270,446622,8998,41682,1955,8627,302,1033,2139,5787,知识,人文历史
民进党首度公开承认“网军”存在,,114265,114265,15482,15482,597,597,1261,1261,515,515,资讯,热点
来看我们的演唱会 全员飙升合唱《直到世界尽头》,,114197,282223,6111,19093,1712,4291,205,893,2492,8269,音乐,音乐现场
内马尔老被揍的原因终于找到了,戏精道长,114115,275794,1470,2877,262,619,99,243,50,99,,
卫星是怎么导航的？解读白皮书《新时代的中国北斗》,思维实验室,114057,424231,6268,40854,1073,5540,251,1228,2364,9615,知识,科学科普
【差评】臭代码摆烂十年没人修！黑客一秒盗走了我的密码，这个浏览器功能缺陷“劳苦功高”！,差评TV,114050,114050,5802,5802,2008,2008,883,883,810,810,科技,软件应用
喷雾洗鼻，爽的一批～鼻炎哒咩，这个秋冬有这个洗鼻器也太幸福了吧,-金尾酱,113964,1879372,1244,22855,732,18496,1,392,117,1754,时尚,美妆
隔壁的小孩，哭了,黄河M690,113839,221319,2186,3765,122,245,115,230,14,18,动物圈,动物综合
揭秘现在千万粉丝网红博主都停更的根本原因,,113593,133220,3259,3528,150,169,75,95,38,48,生活,日常
《待客名菜》,唐尼是个der,113521,1737912,700,20755,536,9084,7,280,45,883,美食,美食制作
当整个世界都是尖削体！走路就生成监守者#2 该如何生存 我的世界,大只的苏北,113516,264138,2239,11656,3995,8957,4,79,545,2771,游戏,单机游戏
我破坏了他们友谊的桥梁,胖维是只猫,113504,455265,4366,15351,153,521,12,37,25,80,动物圈,喵星人
【2022王者世冠】11月28日KPL选拔赛 苏州KSG vs 成都AG超玩会,,113482,113482,3814,3814,427,427,1938,1938,662,662,游戏,电子竞技
原来以为是内少的小粉丝，没想到是C罗笑到最后！,,113209,113209,3555,3555,80,80,113,113,16,16,,
你们猜猜我家隔壁住了谁,云吞它爹,113076,2585817,12401,272315,516,8197,17,381,108,1554,生活,搞笑
假如中国学生去霍格沃茨上学 25,这是一个CY,112911,112911,17871,17871,1111,1111,319,319,1158,1158,生活,搞笑
（补档）【平远说】“外贸合成营”的背后，是鲜血与钢铁交织的挽歌――中美俄军事改革全记录（番外・下）,没有脖子的平远,112823,227968,3754,10753,885,2426,211,546,664,1813,知识,人文历史
小学生迷惑行为，我无法理解。。。,棉白有点笨,112759,1741460,1538,76596,4178,83929,20,1038,357,9800,生活,搞笑
澳洲铁矿：搬起石头砸自己的脚，我可是一点儿都不手软！！,潘小美,112746,112746,19343,19343,1564,1564,70,70,113,113,知识,科学科普
午夜12点作死挑战！手机日历突然消失的月份，1582年发生了什么？,,112720,3337827,209,8119,2513,66446,1,561,55,1832,生活,搞笑
这东西吃完需要马上漱口？要不然就会被嘲笑？｜真探来了,,112630,112630,5439,5439,244,244,102,102,176,176,美食,美食侦探
一口气推荐十五部后宫番，每一部都爽到爆炸！！！,锐太丶,112534,192116,5202,9674,5763,10322,298,532,1430,2376,,
鼻子上倔强的它，走得很安详,聚猿创团队,112482,1642283,807,20682,266,6090,-1,343,30,588,动画,短片・手书・配音
刘庸尝试意大利牛排和香肠,,112370,1250015,8984,126520,272,3666,173,2619,853,10396,美食,美食侦探
最终还是嘎在了队友手上，小菜太惨了,阿东和平精英,112227,555671,174,1099,1134,5948,0,7,45,135,游戏,手机游戏
【超级小桀】糖豆人世界杯！各路神仙都来了！,超级小桀的日常,112217,112217,10885,10885,897,897,181,181,2746,2746,游戏,网络游戏
地上足球：梅西爆发了？别太得意，这支阿根廷很难走远,琪琪大王123,112092,293087,1472,7586,41,469,735,4284,385,2523,,
日本厨师教你做正宗关东煮！清爽的汤底，冬天最适合来一碗了,孤独的美食家阿部,112088,112088,3802,3802,2308,2308,260,260,1228,1228,美食,美食制作
就他这一脚，把多少人踢进失信名单,阿巴阿巴aa-,112041,629560,982,10535,101,723,58,317,22,126,,
《 三 个 甄 姬 》,,111716,111716,6100,6100,202,202,156,156,576,576,游戏,桌游棋牌
流水线神曲3.0,五福销售,111656,167280,6343,11758,172,285,17,57,82,213,生活,搞笑
【神奇宝贝】神兽降临！争做宝可梦大师！#2我的世界,一个小立丶,111549,835911,248,4433,1778,24115,2,55,90,1374,游戏,单机游戏
笨蛋小狗只要被摸一下头，就开始喜欢人类,梵尘糸,111468,921511,0,85378,1776,8093,0,510,0,743,动物圈,汪星人
太惊艳了！终于见到真正的四水归堂了，场景真的太美了，佩服古人的智慧,古建筑大师兄,111464,2385976,8792,211705,2261,49085,112,2336,351,5375,生活,家居房产
「少女丹」又是什么鬼东西？,六层楼先生,111426,111426,9433,9433,821,821,633,633,2187,2187,知识,科学科普
报复心极强,lol最终之作,111413,546967,1308,4978,71,231,18,61,20,70,游戏,电子竞技
火柴人的登神长阶？音乐一响英雄登场！网友：没想到这么帅！,AKA奥力给,111388,1524559,744,12623,4864,73036,3,19,110,1355,生活,搞笑
今晚上这座城市又多了一个伤心的人,,111279,5433948,10766,524302,1021,51444,74,5796,482,16739,生活,搞笑
作弊队又添一员之你肯定没注意过的功能,画久久99,111183,616978,6158,40810,3389,21413,21,196,124,820,生活,绘画
【品城记】近期镬气最足的大排档！嘉N连扒两大碗饭都不够吃！,品城记本地版,111031,111031,8084,8084,1420,1420,301,301,2724,2724,美食,美食侦探
每位极限运动爱好者的必经之路，愿上天多多眷顾我们.,自律的悍匪,110943,132318,17009,19818,689,791,117,227,2031,2512,时尚,健身
我参加了一场规则怪谈入学考试，违规者当场爆炸,90后阿高w,110840,4228331,144,6873,614,36054,0,44,47,1678,动画,短片・手书・配音
88岁的奶奶，宝刀未老惊呆所有人,舞夫-收徒中,110822,583037,13963,83378,1107,7144,148,677,118,444,时尚,健身
野区大改预览，新增赤甲野怪，野区地形调整，部分野怪升级,希德尼娅的兔子,110745,110745,2705,2705,102,102,596,596,20,20,游戏,电子竞技
国 足 不 夺 冠 我 冲 我 自 己 ！,秋葵摇摆粥,110593,1211551,8189,78999,1049,12064,43,583,176,1380,游戏,单机游戏
迪卢克总能在众多优雅中脱颖而出！,朝汐的原神小日常,110512,815111,11239,101944,1892,14474,38,316,233,1385,游戏,手机游戏
奇怪的猫猫，但是日语版,彩虹酱哇,110502,3795984,13525,585514,2618,99897,38,2243,1253,39148,动物圈,喵星人
余华人和书各火各的，一家人凑不出一个阑尾，做反面教材20年,mIu西,110293,949109,1148,18879,2965,11154,0,360,133,990,知识,人文历史
太轻了！喂猪时猪会拱翻的！,大国工程师,110259,1749163,1442,22674,51,731,12,306,8,244,科技,工业・工程・机械
世界杯回忆杀来了~,Aleks_Kost,110129,155971,2425,4767,974,1414,57,109,47,71,舞蹈,舞蹈综合
神舟十五号航天员乘组首次集体亮相！,央视新闻,109908,109908,13871,13871,364,364,367,367,476,476,资讯,社会
60岁的农妇，搭建的城堡有多绝？,正经百科,109876,205449,12006,20398,573,1198,419,896,47,131,知识,人文历史
泪目！Rookie无意曝光微信聊天！Shy哥阿水赫然在目 仁川3C还在一起！,游戏BBQ,109838,109838,1521,1521,97,97,209,209,15,15,游戏,电子竞技
我的天……完全理解只有她能演尹夏沫了！！,荔枝力力,109824,1287832,3302,51752,251,3752,38,325,44,444,娱乐,粉丝创作
蓝色妖姬变身版,颖杏遗传being,109649,598289,4499,34417,938,5763,29,313,513,4070,动画,短片・手书・配音
【汪小菲大s骂战后续】走向逐渐离奇，up活活看傻,一只吐槽圆,109591,2235684,1488,71593,211,5573,137,7490,112,5822,娱乐,娱乐杂谈
男主意外被抓青龙接手男主身体开始代打,半岛动漫,109587,296186,484,7227,1807,2989,1,96,57,113,国创,国产原创相关
【三体动画】面壁者披露！其他人物持续解锁中...,,109489,774322,10795,27078,1,2,113,1051,157,1146,国创,国产原创相关
室友为我精心制作的蛋炒饭……,下铺阿豪爱偷吃,109422,1831166,4286,92282,242,4871,103,1885,33,578,美食,美食制作
「显威笔记」1,,109234,2996303,264,8330,1811,60339,0,7,61,1703,美食,美食制作
明星签名太费墨水？刘浩存名字比别人大一倍，戚薇变7V,娱记叨叨,109217,1111678,32,1595,215,1113,0,30,6,83,娱乐,娱乐杂谈
历年世界杯赌球输得最惨的下场,今晚也要加油吖,109097,109097,3629,3629,298,298,180,180,14,14,知识,人文历史
此话一出，原本傻笑着的我突然严肃了起来,垂小梦,108832,508016,1356,19191,1425,4974,15,523,245,1937,游戏,电子竞技
2022卡塔尔世界杯主题曲《Hayya Hayya》,,108751,2013000,2662,49261,1153,14936,100,2483,189,2404,,
【赝波行动18＆挑战任务】在建沙滩 摆完挂机 简单好抄,,108737,1936511,1772,54185,103,13761,42,1320,1970,47068,游戏,手机游戏
蜘蛛侠获得神奇的宝贝，殊不知却引来大麻烦！第一视角跑酷,,108667,573235,20,171,402,1922,0,2,5,39,运动,运动综合
给我姐CPU整烧了,我是雪怡,108549,229783,7150,16106,315,726,31,149,17,77,生活,日常
都说了，不要捏屁股！,钮祜禄安舒,108379,285130,13472,45702,1688,5023,131,372,294,775,动物圈,动物综合
积 泥 胎 霉,W-DP,108342,217136,6627,13805,531,1387,30,86,54,125,运动,运动综合
这是虚空利刃华尔兹？！！！！,茶茶佛耶戈艾克,108256,108256,7449,7449,162,162,155,155,651,651,游戏,电子竞技
你学会了吗,禹辰OvO,108213,3469706,3863,132321,276,6178,6,335,28,604,游戏,网络游戏
【活百科】贵物美女,不能骂河南人,108161,108161,5383,5383,854,854,347,347,156,156,生活,搞笑
世界杯美伊大战前，伊朗记者批评美国队不尊重媒体,,108120,108120,10483,10483,123,123,244,244,28,28,资讯,环球
逆风长大,勇敢哥特,108014,1363005,7172,90825,1044,10701,17,384,106,1101,生活,搞笑
爸爸送女儿新玩具，解锁用法后女儿瞬间崩溃变脸，网友：不是玩具，是刑具,陈必火,107981,107981,2178,2178,108,108,124,124,17,17,生活,搞笑
就算你会七十二变，也逃不出我的手掌心,成功的甚捷,107762,1961634,44,14876,179,9026,0,32,12,329,游戏,电子竞技
沈阳五里河李铁雕像被拆，曝李铁银行存款过亿,,107754,170947,2712,5221,122,212,142,246,20,36,资讯,社会
当我直接带了一个女孩回家…我爹的反应绝了,朱宝宝酱儿,107744,2302574,1515,34106,247,4297,60,1757,98,1178,生活,日常
最近的快递小哥好像在送一种很新的东西。。。,麟宣森,107730,379163,8183,34103,514,2106,55,408,2845,10108,美食,美食制作
“出来混，总是要吃饱的！”,咕咕啊啊咕,107540,187901,9747,13323,1013,1647,132,228,80,170,美食,美食记录
如何报复前任？,正经的知识,107521,247855,14881,32765,1045,1986,126,422,67,159,知识,科学科普
嫉妒让“吸血鬼”面目全非,逸鸢兰博,107382,240822,4873,13938,28,145,32,156,151,526,游戏,电子竞技
如何证明黑人孩子是英国白人的亲生子,我冤枉啊大人,107318,239633,3112,7192,139,316,39,109,9,19,娱乐,综艺
《关于我在重庆的一天》居家幻想版，大家居家都在吃什么呀～,富婆雯仔100道路边摊,107239,5469560,6453,415547,1266,68506,76,5208,158,6625,美食,美食侦探
最炫原神风变装,Zhang_Jinming,107149,1476555,14141,247624,2329,35117,147,2352,1420,14663,时尚,T台
情侣间10个你以为没违法，其实违法的事情,比一一一比,107030,152794,1308,2449,244,451,99,175,23,40,知识,科学科普
加价之王惨败！丰田埃尔法对撞岚图梦想家,一鹿有车,106984,1645999,10301,178076,2308,35051,512,9733,13137,231853,汽车,汽车生活
四川幺妹大战德国吃货！秘制烤羊盘爽翻天！红糖糍粑上桌就光！,德国陶渊明,106956,412161,5274,32608,267,1898,93,914,2096,13675,美食,美食记录
4070Ti起售价或7199元甚至更低，4080卖不动黄牛亏到吐血「超极氪」,超极氪,106745,315654,1732,6608,77,398,488,1781,121,301,科技,数码
【俄乌沙盘74】俄乌双方将士，看世界杯会支持哪个队？,鹏城杰哥,106721,271556,3812,13646,191,919,723,2550,656,2252,知识,人文历史
年度最狠乙游女主！欧美乙游创死我了【莎拉罗斯的求生法则】,快乐肥宅小华,106706,255299,6472,17933,2951,7875,365,1055,788,2080,游戏,单机游戏
离谱大挑战 机器人守门员VS五人制足球高手,足球教练克鲁伊夫,106638,975915,2218,20710,79,693,34,352,28,150,,
一教师带学生摘人家果子 被追了十里地,,106637,805958,7769,59466,268,2135,146,2480,2550,19770,,
买超现任女友vs前任妻子，这就是宁愿丧偶都要得到的女人？,呆瓜混剪,106512,329971,1651,5710,81,339,116,412,26,92,娱乐,明星
美国老丈人第一次参加中国家庭聚餐，被满满一桌子菜吓到！这只是一顿饭？,田纳西Jay和Ari,106455,237586,4354,14522,285,911,158,635,1417,5206,生活,日常
前克罗地亚小姐在卡塔尔着装暴露被网暴,,106398,106398,5302,5302,220,220,317,317,23,23,资讯,热点
谁懂 这波快乐buff直接叠满了,叮叮喵dxy,106293,209428,11804,25824,387,758,59,253,65,165,影视,短片
笑死，这不比鬼恐怖啊！！！,我也要上课去了,106239,382308,6280,12354,346,702,67,218,5,29,游戏,单机游戏
KARA最新回归曲WHEN I MOVE MV预告公开,,106236,106236,4966,4966,337,337,448,448,121,121,音乐,MV
【探店】博山池满香烤肉，寻访鲁菜珍味~,师父和我做鲁菜,106063,106063,7492,7492,608,608,512,512,2392,2392,美食,美食侦探
我不会要原地毕业了吧...????????????【直播切片】,轻叹ww,105995,105995,11472,11472,1352,1352,316,316,439,439,动画,综合
单挑前女篮国家队国手！钢豆惨遭大打小？,野球帝-陈一帆,105979,105979,10142,10142,166,166,122,122,100,100,运动,篮球・足球
19岁网红少女离奇身亡，凶手骗过所有人，却因一句话暴露自己,奇闻观察室,105976,341038,4142,22364,145,2330,120,719,701,2908,知识,人文历史
“半人半鸡-上将乔哈”,皓篮球,105953,105953,9873,9873,288,288,193,193,614,614,运动,篮球・足球
【00后整顿SM】宁艺卓+金孝渊+BoA宝儿新歌挑战,嗑糖少女000,105745,105745,7218,7218,1147,1147,435,435,255,255,娱乐,明星
第一次四手联弹？《风一样的勇士》零基础教程,绯绯Feifei,105740,441362,4505,25401,618,3351,123,981,1553,9098,音乐,演奏
保护好自己，最重要的三件事，疫苗，口罩，洗手！,三个老爸实验室少儿,105671,328420,4787,17549,2052,7066,699,2617,2950,10428,知识,科学科普
你的冤种朋友：听我说谢谢你,小陆调酒-,105645,210565,16219,29722,3837,8113,79,175,339,798,美食,美食制作
这小心思啊，别人一眼就看穿！,一只罗休休,105596,105596,10850,10850,304,304,64,64,38,38,影视,短片
【重返宇宙服】长老对你们做的事，我必将百倍奉还！,,105582,2171741,482,28934,1211,31632,5,290,54,1859,游戏,电子竞技
卧槽！在一堆油乎乎的水光肌里，姐姐赢得淡定又高级！【汤唯】,想要拥有百宝袋,105533,290367,3589,10047,240,511,131,337,18,42,娱乐,明星
